sentence#,word,label
5212,Hora,O
5212,Chabanchyk,Mountain
5212,and,O
5212,Hora,O
5212,Kachyk-Saraman,Mountain
5212,stood,O
5212,tall,O
5212,together,O
5213,Hora,O
5213,Orta-Tau,Mountain
5213,shared,O
5213,a,O
5213,peaceful,O
5213,moment,O
5213,with,O
5213,Hora,O
5213,Bila,Mountain
5214,Hora,O
5214,Saynyn-Burnu,Mountain
5214,climbed,O
5214,the,O
5214,slopes,O
5214,of,O
5214,Hora,O
5214,Chombay,Mountain
5215,Hora,O
5215,Buchyna,Mountain
5215,watched,O
5215,the,O
5215,sunrise,O
5215,with,O
5215,Hora,O
5215,Aylanmakaya,Mountain
5216,Hora,O
5216,Kuba-Burun,Mountain
5216,embraced,O
5216,the,O
5216,beauty,O
5216,of,O
5216,Hora,O
5216,Papayur,Mountain
5217,Hora,O
5217,Tashly-Burun,Mountain
5217,and,O
5217,Hora,O
5217,Livaz-Kaya,Mountain
5217,celebrated,O
5217,the,O
5217,night,O
5217,away,O
5218,Skelya,Mountain
5218,Koktash,Mountain
5218,and,O
5218,Hora,O
5218,Ploska,Mountain
5218,echoed,O
5218,with,O
5218,laughter,O
5219,Hora,O
5219,Vihlya,Mountain
5219,and,O
5219,Hora,O
5219,Kulyaba,Mountain
5219,danced,O
5219,under,O
5219,the,O
5219,moonlight,O
5220,Hora,O
5220,Taubashi,Mountain
5220,stood,O
5220,tall,O
5220,on,O
5220,the,O
5220,Hora,O
5220,Biyukburun,Mountain
5220,peak,O
5221,Hora,O
5221,Biyukoba,Mountain
5221,marveled,O
5221,at,O
5221,the,O
5221,beauty,O
5221,of,O
5221,Hora,O
5221,Kalanykh-Kaya,Mountain
5222,Hora,O
5222,Biiuk-Kol-Burun,Mountain
5222,and,O
5222,Hora,O
5222,Elburun,Mountain
5222,shared,O
5222,a,O
5222,quiet,O
5222,evening,O
5223,Hora,O
5223,Velyka,Mountain
5223,celebrated,O
5223,with,O
5223,Hora,O
5223,Lysa,Mountain
5223,in,O
5223,the,O
5223,moonlight,O
5224,Hora,O
5224,Kurushlyu,Mountain
5224,and,O
5224,Hora,O
5224,Kurtler-Bohaz,Mountain
5224,embraced,O
5224,the,O
5224,night,O
5225,Hora,O
5225,Trapan-Bair,Mountain
5225,watched,O
5225,the,O
5225,sunset,O
5225,with,O
5225,Hora,O
5225,Villyaburun,Mountain
5226,Hora,O
5226,Chuku,Mountain
5226,danced,O
5226,with,O
5226,Hora,O
5226,Syuryutepe,Mountain
5226,in,O
5226,joy,O
5227,Hora,O
5227,Sarykaya,Mountain
5227,climbed,O
5227,the,O
5227,slopes,O
5227,of,O
5227,Hora,O
5227,Murunkyr,Mountain
5228,Hora,O
5228,Koshkaya,Mountain
5228,and,O
5228,Hora,O
5228,Hapka,Mountain
5228,celebrated,O
5228,the,O
5228,night,O
5228,away,O
5229,Hora,O
5229,Mulha,Mountain
5229,and,O
5229,Hora,O
5229,Polovatynets,Mountain
5229,embraced,O
5229,the,O
5229,moonlight,O
5230,Hora,O
5230,Zabui,Mountain
5230,stood,O
5230,tall,O
5230,on,O
5230,the,O
5230,slopes,O
5230,of,O
5230,Hora,O
5230,Niahryn,Mountain
5231,Hora,O
5231,Neriadova,Mountain
5231,celebrated,O
5231,with,O
5231,Hora,O
5231,Verkhnii,Mountain
5231,Syhlis,Mountain
5231,under,O
5231,the,O
5231,stars,O
5232,Hora,O
5232,Paletska,Mountain
5232,and,O
5232,Hora,O
5232,Budz,Mountain
5232,shared,O
5232,a,O
5232,moment,O
5232,under,O
5232,the,O
5232,moon,O
5233,Hora,O
5233,Shuvarysta,Mountain
5233,danced,O
5233,under,O
5233,the,O
5233,Hora,O
5233,Dobtse,Mountain
5233,moonlight,O
5234,Hora,O
5234,Kindrat,Mountain
5234,and,O
5234,Hora,O
5234,Bukovynets,Mountain
5234,celebrated,O
5234,in,O
5234,Hora,O
5234,Mahura,Mountain
5235,Hora,O
5235,Shchavna,Mountain
5235,echoed,O
5235,through,O
5235,the,O
5235,Hora,O
5235,Kholm,Mountain
5235,valley,O
5236,Hora,O
5236,Mahii,Mountain
5236,stood,O
5236,tall,O
5236,on,O
5236,the,O
5236,Hora,O
5236,Kruhla,Mountain
5236,peak,O
5237,Hora,O
5237,Velyke,Mountain
5237,Horodyshche,Mountain
5237,and,O
5237,Hora,O
5237,Kinets,Mountain
5237,Horhanu,Mountain
5237,shared,O
5237,a,O
5237,moment,O
5238,Hora,O
5238,Bert,Mountain
5238,and,O
5238,Hora,O
5238,Stranzul,Mountain
5238,watched,O
5238,the,O
5238,sunrise,O
5239,Hora,O
5239,Studenets,Mountain
5239,and,O
5239,Hora,O
5239,Velyka,Mountain
5239,danced,O
5239,under,O
5239,the,O
5239,stars,O
5240,Hora,O
5240,Mokra,Mountain
5240,embraced,O
5240,the,O
5240,beauty,O
5240,of,O
5240,Hora,O
5240,Tempa,Mountain
5241,Hora,O
5241,Butyn,Mountain
5241,and,O
5241,Hora,O
5241,Lysyna,Mountain
5241,celebrated,O
5241,the,O
5241,night,O
5241,away,O
5242,Hora,O
5242,Bystra,Mountain
5242,and,O
5242,Hora,O
5242,Shalanskyi,Mountain
5242,Helmets,Mountain
5242,climbed,O
5242,the,O
5242,slopes,O
5243,Hora,O
5243,Kreminni,Mountain
5243,whispered,O
5243,secrets,O
5243,to,O
5243,Hora,O
5243,Vysokyi,Mountain
5243,Kamin,Mountain
5244,Hora,O
5244,Lautanska,Mountain
5244,Holytsia,Mountain
5244,and,O
5244,Hora,O
5244,Hostra,Mountain
5244,Hora,O
5244,danced,O
5244,together,O
5245,Hora,O
5245,Vodytsia,Mountain
5245,and,O
5245,Hora,O
5245,Tys,Mountain
5245,watched,O
5245,the,O
5245,sunset,O
5246,Hora,O
5246,Yasinnia,Mountain
5246,and,O
5246,Hora,O
5246,Yasynivka,Mountain
5246,marveled,O
5246,at,O
5246,the,O
5246,scenery,O
5247,Hora,O
5247,Skala,Mountain
5247,stood,O
5247,tall,O
5247,on,O
5247,the,O
5247,Hora,O
5247,Ivaniv,Mountain
5247,Zeor,Mountain
5247,summit,O
5248,Hora,O
5248,Runkul,Mountain
5248,and,O
5248,Hora,O
5248,Lak,Mountain
5248,shared,O
5248,a,O
5248,moment,O
5248,under,O
5248,the,O
5248,moon,O
5249,Hora,O
5249,Tovsta,Mountain
5249,and,O
5249,Hora,O
5249,Hostra,Mountain
5249,celebrated,O
5249,in,O
5249,joy,O
5250,Hora,O
5250,Var-Khed,Mountain
5250,echoed,O
5250,through,O
5250,the,O
5250,Hora,O
5250,Kychera,Mountain
5250,valley,O
5251,Hora,O
5251,Krasyva,Mountain
5251,and,O
5251,Hora,O
5251,Pesii,Mountain
5251,Verkh,Mountain
5251,embraced,O
5251,the,O
5251,night,O
5252,Hora,O
5252,Dil-Olshynskyi,Mountain
5252,danced,O
5252,with,O
5252,Hora,O
5252,Osui,Mountain
5252,under,O
5252,the,O
5252,stars,O
5253,Gora,O
5253,Kostyushki,Mountain
5253,witnessed,O
5253,the,O
5253,beauty,O
5253,of,O
5253,Hora,O
5253,Kremenets,Mountain
5254,Gora,O
5254,Yosifova,Mountain
5254,and,O
5254,Hora,O
5254,Tsunhu,Mountain
5254,stood,O
5254,side,O
5254,by,O
5254,side,O
5255,Hora,O
5255,Mezydily,Mountain
5255,and,O
5255,Hora,O
5255,Terentyn,Mountain
5255,celebrated,O
5255,under,O
5255,the,O
5255,moonlight,O
5256,Hora,O
5256,Sehlyn,Mountain
5256,climbed,O
5256,the,O
5256,slopes,O
5256,of,O
5256,Hora,O
5256,Munchel-Malyi,Mountain
5257,Hora,O
5257,Kurpen,Mountain
5257,and,O
5257,Hora,O
5257,Shuvarysta,Mountain
5257,watched,O
5257,the,O
5257,sunrise,O
5258,Hora,O
5258,Dobtse,Mountain
5258,and,O
5258,Hora,O
5258,Kindrat,Mountain
5258,embraced,O
5258,the,O
5258,beauty,O
5258,of,O
5258,Hora,O
5258,Bukovynets,Mountain
5259,Hora,O
5259,Mahura,Mountain
5259,danced,O
5259,under,O
5259,the,O
5259,Hora,O
5259,Shchavna,Mountain
5259,moonlight,O
5260,Hora,O
5260,Kholm,Mountain
5260,and,O
5260,Hora,O
5260,Mahii,Mountain
5260,celebrated,O
5260,in,O
5260,Hora,O
5260,Kruhla,Mountain
5261,Hora,O
5261,Velyke,Mountain
5261,Horodyshche,Mountain
5261,whispered,O
5261,secrets,O
5261,to,O
5261,Hora,O
5261,Kinets,Mountain
5261,Horhanu,Mountain
5262,Hora,O
5262,Bert,Mountain
5262,and,O
5262,Hora,O
5262,Stranzul,Mountain
5262,marveled,O
5262,at,O
5262,the,O
5262,scenery,O
5263,Hora,O
5263,Studenets,Mountain
5263,and,O
5263,Hora,O
5263,Velyka,Mountain
5263,climbed,O
5263,the,O
5263,slopes,O
5264,Hora,O
5264,Mokra,Mountain
5264,and,O
5264,Hora,O
5264,Tempa,Mountain
5264,watched,O
5264,the,O
5264,sunset,O
5265,Hora,O
5265,Butyn,Mountain
5265,and,O
5265,Hora,O
5265,Lysyna,Mountain
5265,celebrated,O
5265,in,O
5265,joy,O
5266,Hora,O
5266,Bystra,Mountain
5266,and,O
5266,Hora,O
5266,Shalanskyi,Mountain
5266,Helmets,Mountain
5266,stood,O
5266,tall,O
5266,together,O
5267,Hora,O
5267,Kreminni,Mountain
5267,and,O
5267,Hora,O
5267,Vysokyi,Mountain
5267,Kamin,Mountain
5267,shared,O
5267,a,O
5267,moment,O
5268,Hora,O
5268,Lautanska,Mountain
5268,Holytsia,Mountain
5268,danced,O
5268,with,O
5268,Hora,O
5268,Hostra,Mountain
5268,Hora,O
5268,under,O
5268,the,O
5268,stars,O
5269,Hora,O
5269,Vodytsia,Mountain
5269,and,O
5269,Hora,O
5269,Tys,Mountain
5269,celebrated,O
5269,the,O
5269,night,O
5269,away,O
5270,Hora,O
5270,Yasinnia,Mountain
5270,and,O
5270,Hora,O
5270,Yasynivka,Mountain
5270,climbed,O
5270,the,O
5270,slopes,O
5271,Hora,O
5271,Skala,Mountain
5271,stood,O
5271,tall,O
5271,on,O
5271,the,O
5271,Hora,O
5271,Ivaniv,Mountain
5271,Zeor,Mountain
5271,summit,O
5272,Hora,O
5272,Runkul,Mountain
5272,and,O
5272,Hora,O
5272,Lak,Mountain
5272,watched,O
5272,the,O
5272,sunrise,O
5273,Hora,O
5273,Tovsta,Mountain
5273,and,O
5273,Hora,O
5273,Hostra,Mountain
5273,shared,O
5273,a,O
5273,moment,O
5273,under,O
5273,the,O
5273,moon,O
5274,Hora,O
5274,Var-Khed,Mountain
5274,and,O
5274,Hora,O
5274,Kychera,Mountain
5274,celebrated,O
5274,in,O
5274,joy,O
5275,Hora,O
5275,Krasyva,Mountain
5275,and,O
5275,Hora,O
5275,Pesii,Mountain
5275,Verkh,Mountain
5275,danced,O
5275,under,O
5275,the,O
5275,stars,O
5276,Hora,O
5276,Dil-Olshynskyi,Mountain
5276,and,O
5276,Hora,O
5276,Osui,Mountain
5276,marveled,O
5276,at,O
5276,the,O
5276,scenery,O
5277,Gora,O
5277,Kostyushki,Mountain
5277,and,O
5277,Hora,O
5277,Kremenets,Mountain
5277,embraced,O
5277,the,O
5277,night,O
5278,Gora,O
5278,Yosifova,Mountain
5278,danced,O
5278,with,O
5278,Hora,O
5278,Tsunhu,Mountain
5278,under,O
5278,the,O
5278,stars,O
5279,Hora,O
5279,Mezydily,Mountain
5279,and,O
5279,Hora,O
5279,Terentyn,Mountain
5279,celebrated,O
5279,the,O
5279,night,O
5279,away,O
5280,Hora,O
5280,Sehlyn,Mountain
5280,and,O
5280,Hora,O
5280,Munchel-Malyi,Mountain
5280,watched,O
5280,the,O
5280,sunrise,O
5281,Hora,O
5281,Kurpen,Mountain
5281,and,O
5281,Hora,O
5281,Shuvarysta,Mountain
5281,climbed,O
5281,the,O
5281,slopes,O
5282,Hora,O
5282,Dobtse,Mountain
5282,and,O
5282,Hora,O
5282,Kindrat,Mountain
5282,celebrated,O
5282,under,O
5282,the,O
5282,moonlight,O
5283,Hora,O
5283,Unhariaska,Mountain
5283,echoed,O
5283,with,O
5283,laughter,O
5283,on,O
5283,Hora,O
5283,Dovha,Mountain
5284,Hora,O
5284,Syniak,Mountain
5284,and,O
5284,Hora,O
5284,Hrehit,Mountain
5284,danced,O
5284,under,O
5284,the,O
5284,Hora,O
5284,Lysyna-Kosmatska,Mountain
5284,sky,O
5285,Hora,O
5285,Mahura,Mountain
5285,stood,O
5285,tall,O
5285,on,O
5285,Hora,O
5285,Verkh-Debrys,O
5285,summit,O
5286,Hora,O
5286,Haborianska,Mountain
5286,Hyha,Mountain
5286,and,O
5286,Hora,O
5286,Turkul,Mountain
5286,celebrated,O
5286,together,O
5287,Hora,O
5287,Vykhid,Mountain
5287,and,O
5287,Hora,O
5287,Skupova,Mountain
5287,whispered,O
5287,secrets,O
5287,in,O
5287,the,O
5287,moonlight,O
5288,Hora,O
5288,Ternytsia,Mountain
5288,and,O
5288,Hora,O
5288,Rohy,Mountain
5288,embraced,O
5288,the,O
5288,beauty,O
5288,of,O
5288,Hora,O
5288,Velyka,Mountain
5288,Budyiovska,Mountain
5289,Hora,O
5289,Mohyla-Belmak,Mountain
5289,and,O
5289,Novokamianka,Mountain
5289,watched,O
5289,the,O
5289,sunrise,O
5290,Hora,O
5290,Kanch,Mountain
5290,echoed,O
5290,through,O
5290,the,O
5290,Hora,O
5290,Mehanom,Mountain
5290,valley,O
5291,Hora,O
5291,Kobyla,Mountain
5291,danced,O
5291,under,O
5291,the,O
5291,shadow,O
5291,of,O
5291,Hora,O
5291,Vysokyi,Mountain
5291,Verch,Mountain
5291,Tysovec,O
5292,Hora,O
5292,Velykyi,Mountain
5292,Verkh,Mountain
5292,and,O
5292,Hora,O
5292,Parahilmen,Mountain
5292,celebrated,O
5292,the,O
5292,night,O
5292,away,O
5293,Hora,O
5293,Zuku-Tepe,Mountain
5293,and,O
5293,Hora,O
5293,Pip-Ivan,Mountain
5293,stood,O
5293,side,O
5293,by,O
5293,side,O
5294,Gora,O
5294,Beskid,Mountain
5294,and,O
5294,Gora,O
5294,Zhornina,Mountain
5294,watched,O
5294,the,O
5294,sunset,O
5295,Gora,O
5295,Zhlobki,Mountain
5295,witnessed,O
5295,the,O
5295,beauty,O
5295,of,O
5295,Gora,O
5295,Zeytin-Kosh,Mountain
5296,Gora,O
5296,Bliznits,Mountain
5296,and,O
5296,Gora,O
5296,Bagrovets,Mountain
5296,stood,O
5296,tall,O
5296,together,O
5297,Gora,O
5297,Baba,Mountain
5297,Lyudova,Mountain
5297,danced,O
5297,under,O
5297,the,O
5297,shadow,O
5297,of,O
5297,Gora,O
5297,Angar-Burun,Mountain
5298,Gora,O
5298,Agarmysh,Mountain
5298,and,O
5298,Gora,O
5298,Prislop,Mountain
5298,shared,O
5298,a,O
5298,moment,O
5298,under,O
5298,the,O
5298,stars,O
5299,Gora,O
5299,Poprichnyy,Mountain
5299,Verkh,Mountain
5299,and,O
5299,Gora,O
5299,Bedene-Kyr,Mountain
5299,watched,O
5299,the,O
5299,sunrise,O
5300,Gora,O
5300,Perekhrestya,Mountain
5300,whispered,O
5300,secrets,O
5300,to,O
5300,Gora,O
5300,Perednya,Mountain
5301,Gora,O
5301,Sakharnaya-Golovka,Mountain
5301,and,O
5301,Gora,O
5301,Ruzha,Mountain
5301,celebrated,O
5301,in,O
5301,joy,O
5302,Gora,O
5302,Menchil,Mountain
5302,and,O
5302,Mahura-Zhyde,Mountain
5302,embraced,O
5302,the,O
5302,night,O
5303,Gora,O
5303,Losova,Mountain
5303,and,O
5303,Gora,O
5303,Dikhtovets,Mountain
5303,danced,O
5303,under,O
5303,the,O
5303,moonlight,O
5304,Gora,O
5304,Chernyy,Mountain
5304,Verkh,Mountain
5304,marveled,O
5304,at,O
5304,the,O
5304,beauty,O
5304,of,O
5304,Gora,O
5304,Bratkovska,Mountain
5304,Mala,Mountain
5305,Gora,O
5305,Boyka,Mountain
5305,and,O
5305,Gora,O
5305,Ilina,Mountain
5305,stood,O
5305,side,O
5305,by,O
5305,side,O
5306,Gora,O
5306,Grabova,Mountain
5306,echoed,O
5306,through,O
5306,the,O
5306,valley,O
5306,of,O
5306,Hora,O
5306,Unhariaska,Mountain
5307,Hora,O
5307,Dovha,Mountain
5307,and,O
5307,Hora,O
5307,Syniak,Mountain
5307,celebrated,O
5307,under,O
5307,the,O
5307,Hora,O
5307,Hrehit,Mountain
5307,sky,O
5308,Hora,O
5308,Lysyna-Kosmatska,Mountain
5308,stood,O
5308,tall,O
5308,on,O
5308,the,O
5308,summit,O
5308,of,O
5308,Hora,O
5308,Mahura,Mountain
5309,Hora,O
5309,Verkh-Debry,Mountain
5309,and,O
5309,Hora,O
5309,Haborianska,Mountain
5309,Hyha,Mountain
5309,danced,O
5309,together,O
5310,Hora,O
5310,Turkul,Mountain
5310,and,O
5310,Hora,O
5310,Vykhid,Mountain
5310,watched,O
5310,the,O
5310,sunrise,O
5311,Hora,O
5311,Skupova,Mountain
5311,and,O
5311,Hora,O
5311,Ternytsia,Mountain
5311,whispered,O
5311,secrets,O
5311,in,O
5311,the,O
5311,moonlight,O
5312,Hora,O
5312,Rohy,Mountain
5312,and,O
5312,Hora,O
5312,Velyka,Mountain
5312,Budyiovska,Mountain
5312,embraced,O
5312,the,O
5312,beauty,O
5312,of,O
5312,Hora,O
5312,Mohyla-Belmak,Mountain
5313,Novokamianka,Mountain
5313,and,O
5313,Hora,O
5313,Kanch,Mountain
5313,watched,O
5313,the,O
5313,sunset,O
5314,Hora,O
5314,Mehanom,Mountain
5314,echoed,O
5314,through,O
5314,the,O
5314,Hora,O
5314,Kobyla,Mountain
5314,valley,O
5315,Hora,O
5315,Vysokyi,Mountain
5315,Verch,Mountain
5315,Tysovec,O
5315,danced,O
5315,under,O
5315,the,O
5315,shadow,O
5315,of,O
5315,Hora,O
5315,Velykyi,Mountain
5315,Verkh,Mountain
5316,Hora,O
5316,Parahilmen,Mountain
5316,and,O
5316,Hora,O
5316,Zuku-Tepe,Mountain
5316,celebrated,O
5316,the,O
5316,night,O
5316,away,O
5317,Hora,O
5317,Pip-Ivan,Mountain
5317,and,O
5317,Gora,O
5317,Beskid,Mountain
5317,stood,O
5317,side,O
5317,by,O
5317,side,O
5318,Gora,O
5318,Zhornina,Mountain
5318,and,O
5318,Gora,O
5318,Zhlobki,Mountain
5318,watched,O
5318,the,O
5318,sunrise,O
5319,Gora,O
5319,Zeytin-Kosh,Mountain
5319,witnessed,O
5319,the,O
5319,beauty,O
5319,of,O
5319,Gora,O
5319,Bliznits,Mountain
5320,Gora,O
5320,Bagrovets,Mountain
5320,and,O
5320,Gora,O
5320,Baba,Mountain
5320,Lyudova,Mountain
5320,stood,O
5320,tall,O
5320,together,O
5321,Gora,O
5321,Angar-Burun,Mountain
5321,danced,O
5321,under,O
5321,the,O
5321,shadow,O
5321,of,O
5321,Gora,O
5321,Agarmysh,Mountain
5322,Gora,O
5322,Prislop,Mountain
5322,and,O
5322,Gora,O
5322,Poprichnyy,Mountain
5322,Verkh,Mountain
5322,shared,O
5322,a,O
5322,moment,O
5322,under,O
5322,the,O
5322,stars,O
5323,Gora,O
5323,Bedene-Kyr,Mountain
5323,and,O
5323,Gora,O
5323,Perekhrestya,Mountain
5323,watched,O
5323,the,O
5323,sunrise,O
5324,Gora,O
5324,Perednya,Mountain
5324,whispered,O
5324,secrets,O
5324,to,O
5324,Gora,O
5324,Sakharnaya-Golovka,Mountain
5325,Gora,O
5325,Ruzha,Mountain
5325,and,O
5325,Gora,O
5325,Menchil,Mountain
5325,celebrated,O
5325,in,O
5325,joy,O
5326,Mahura-Zhyde,Mountain
5326,and,O
5326,Gora,O
5326,Losova,Mountain
5326,embraced,O
5326,the,O
5326,night,O
5327,Gora,O
5327,Dikhtovets,Mountain
5327,and,O
5327,Gora,O
5327,Chernyy,Mountain
5327,Verkh,Mountain
5327,danced,O
5327,under,O
5327,the,O
5327,moonlight,O
5328,Gora,O
5328,Bratkovska,Mountain
5328,Mala,Mountain
5328,marveled,O
5328,at,O
5328,the,O
5328,beauty,O
5328,of,O
5328,Gora,O
5328,Boyka,Mountain
5329,Gora,O
5329,Ilina,Mountain
5329,and,O
5329,Gora,O
5329,Grabova,Mountain
5329,stood,O
5329,side,O
5329,by,O
5329,side,O
5330,Hora,O
5330,Unhariaska,Mountain
5330,echoed,O
5330,through,O
5330,the,O
5330,Hora,O
5330,Dovha,Mountain
5330,valley,O
5331,Hora,O
5331,Syniak,Mountain
5331,and,O
5331,Hora,O
5331,Hrehit,Mountain
5331,danced,O
5331,under,O
5331,the,O
5331,Hora,O
5331,Lysyna-Kosmatska,Mountain
5331,sky,O
5332,Hora,O
5332,Mahura,Mountain
5332,stood,O
5332,tall,O
5332,on,O
5332,the,O
5332,summit,O
5332,of,O
5332,Hora,O
5332,Verkh-Debry,Mountain
5333,Gora,O
5333,Gorbishche,Mountain
5333,watched,O
5333,the,O
5333,sunset,O
5333,over,O
5333,Gora,O
5333,Konets,Mountain
5334,Gora,O
5334,Kityluvka,Mountain
5334,and,O
5334,Gora,O
5334,Kichera,Mountain
5334,Rosushka,Mountain
5334,stood,O
5334,side,O
5334,by,O
5334,side,O
5335,Gora,O
5335,Kicherana,Mountain
5335,echoed,O
5335,with,O
5335,laughter,O
5335,on,O
5335,Gora,O
5335,Kichera,Mountain
5336,Velykyi,Mountain
5336,Verch,Mountain
5336,embraced,O
5336,the,O
5336,beauty,O
5336,of,O
5336,Gora,O
5336,Ukrid,Mountain
5337,Gora,O
5337,Tsuptseryn,Mountain
5337,marveled,O
5337,at,O
5337,the,O
5337,view,O
5337,from,O
5337,Gora,O
5337,Tay-Koba,Mountain
5338,Gora,O
5338,Synechka,Mountain
5338,and,O
5338,Gora,O
5338,Svidova,Mountain
5338,shared,O
5338,a,O
5338,moment,O
5339,Stih,Mountain
5339,whispered,O
5339,secrets,O
5339,to,O
5339,Gora,O
5339,Zadnya,Mountain
5340,Gora,O
5340,Yechki-Dag,Mountain
5340,and,O
5340,Gora,O
5340,Yavornik,Mountain
5340,stood,O
5340,tall,O
5340,together,O
5341,Gora,O
5341,Vysokiy,Mountain
5341,Gorb,Mountain
5341,danced,O
5341,under,O
5341,the,O
5341,moonlight,O
5342,Hora,O
5342,Volosyanka,Mountain
5342,and,O
5342,Hora,O
5342,Kolbair,O
5342,celebrated,O
5342,in,O
5342,joy,O
5343,Hora,O
5343,Yukytepe,Mountain
5343,and,O
5343,Hora,O
5343,Malbanyn-Khyry,Mountain
5343,watched,O
5343,the,O
5343,sunrise,O
5344,Hora,O
5344,Borkaya,Mountain
5344,and,O
5344,Gora,O
5344,Kamennaya,Mountain
5344,stood,O
5344,side,O
5344,by,O
5344,side,O
5345,Gora,O
5345,Sel-Bykhra,O
5345,witnessed,O
5345,the,O
5345,beauty,O
5345,of,O
5345,Hora,O
5345,Zybuktepe,Mountain
5346,Hora,O
5346,Tashdzharhan,Mountain
5346,danced,O
5346,under,O
5346,the,O
5346,moonlight,O
5347,Hora,O
5347,Volska,O
5347,and,O
5347,Hora,O
5347,Dovzhka,Mountain
5347,celebrated,O
5347,in,O
5347,joy,O
5348,Hora,O
5348,Yavorynka,Mountain
5348,and,O
5348,Hora,O
5348,Hoshiv,Mountain
5348,shared,O
5348,a,O
5348,moment,O
5349,Hora,O
5349,Mahura,Mountain
5349,marveled,O
5349,at,O
5349,the,O
5349,beauty,O
5349,of,O
5349,Gora,O
5349,Sonovichi,Mountain
5350,Hora,O
5350,Petros,Mountain
5350,and,O
5350,Hora,O
5350,Kakaraza,Mountain
5350,stood,O
5350,tall,O
5350,together,O
5351,Hora,O
5351,Pidpula,Mountain
5351,whispered,O
5351,secrets,O
5351,to,O
5351,Hora,O
5351,Lebedyn,Mountain
5352,Hora,O
5352,Mohyla-Tokmak,Mountain
5352,embraced,O
5352,the,O
5352,night,O
5353,Hora,O
5353,Radych,Mountain
5353,and,O
5353,Gora,O
5353,Kmolovate,Mountain
5353,celebrated,O
5353,in,O
5353,joy,O
5354,Hora,O
5354,Kycherka,Mountain
5354,and,O
5354,Gora,O
5354,Magura,Mountain
5354,stood,O
5354,side,O
5354,by,O
5354,side,O
5355,Hora,O
5355,Vydylok,Mountain
5355,danced,O
5355,under,O
5355,the,O
5355,moonlight,O
5356,Hora,O
5356,Minhol,Mountain
5356,watched,O
5356,the,O
5356,sunrise,O
5356,over,O
5356,Hora,O
5356,Perekop,Mountain
5357,Gora,O
5357,Kshivy,Mountain
5357,Verkh,Mountain
5357,marveled,O
5357,at,O
5357,the,O
5357,view,O
5358,Gora,O
5358,Popovtse,Mountain
5358,and,O
5358,Krzemieniec,Mountain
5358,stood,O
5358,side,O
5358,by,O
5358,side,O
5359,Gora,O
5359,Zlobski,Mountain
5359,witnessed,O
5359,the,O
5359,beauty,O
5359,of,O
5359,Gora,O
5359,Berda,Mountain
5360,Gora,O
5360,Avinda,Mountain
5360,danced,O
5360,under,O
5360,the,O
5360,moonlight,O
5361,Gora,O
5361,Gorbishche,Mountain
5361,stood,O
5361,tall,O
5361,on,O
5361,Gora,O
5361,Konets,Mountain
5362,Gora,O
5362,Kityluvka,Mountain
5362,and,O
5362,Gora,O
5362,Kichera,Mountain
5362,Rosushka,Mountain
5362,celebrated,O
5362,together,O
5363,Gora,O
5363,Kicherana,Mountain
5363,whispered,O
5363,secrets,O
5363,to,O
5363,Gora,O
5363,Kichera,Mountain
5364,Velykyi,Mountain
5364,Verch,Mountain
5364,and,O
5364,Gora,O
5364,Ukrid,Mountain
5364,watched,O
5364,the,O
5364,sunset,O
5365,Gora,O
5365,Tsuptseryn,Mountain
5365,and,O
5365,Gora,O
5365,Tay-Koba,Mountain
5365,stood,O
5365,side,O
5365,by,O
5365,side,O
5366,Gora,O
5366,Synechka,Mountain
5366,danced,O
5366,under,O
5366,the,O
5366,moonlight,O
5367,Stih,Mountain
5367,marveled,O
5367,at,O
5367,the,O
5367,beauty,O
5367,of,O
5367,Gora,O
5367,Zadnya,Mountain
5368,Gora,O
5368,Yechki-Dag,Mountain
5368,and,O
5368,Gora,O
5368,Yavornik,Mountain
5368,embraced,O
5368,the,O
5368,night,O
5369,Gora,O
5369,Vysokiy,Mountain
5369,Gorb,Mountain
5369,stood,O
5369,tall,O
5369,on,O
5369,Hora,O
5369,Volosyanka,Mountain
5370,Hora,O
5370,Kolbair,O
5370,and,O
5370,Hora,O
5370,Yukytepe,Mountain
5370,celebrated,O
5370,in,O
5370,joy,O
5371,Hora,O
5371,Malbanyn-Khyry,Mountain
5371,watched,O
5371,the,O
5371,sunrise,O
5371,over,O
5371,Hora,O
5371,Borkaya,Mountain
5372,Gora,O
5372,Kamennaya,Mountain
5372,and,O
5372,Gora,O
5372,Sel-Bykhra,O
5372,stood,O
5372,side,O
5372,by,O
5372,side,O
5373,Hora,O
5373,Zybuktepe,Mountain
5373,danced,O
5373,under,O
5373,the,O
5373,moonlight,O
5374,Hora,O
5374,Tashdzharhan,Mountain
5374,marveled,O
5374,at,O
5374,the,O
5374,beauty,O
5374,of,O
5374,Hora,O
5374,Volska,O
5375,Hora,O
5375,Dovzhka,Mountain
5375,and,O
5375,Hora,O
5375,Yavorynka,Mountain
5375,celebrated,O
5375,in,O
5375,joy,O
5376,Hora,O
5376,Hoshiv,Mountain
5376,watched,O
5376,the,O
5376,sunset,O
5376,over,O
5376,Hora,O
5376,Mahura,Mountain
5377,Gora,O
5377,Sonovichi,Mountain
5377,stood,O
5377,tall,O
5377,on,O
5377,Hora,O
5377,Petros,Mountain
5378,Hora,O
5378,Kakaraza,Mountain
5378,and,O
5378,Hora,O
5378,Pidpula,Mountain
5378,celebrated,O
5378,together,O
5379,Hora,O
5379,Lebedyn,Mountain
5379,whispered,O
5379,secrets,O
5379,to,O
5379,Hora,O
5379,Mohyla-Tokmak,Mountain
5380,Hora,O
5380,Radych,Mountain
5380,danced,O
5380,under,O
5380,the,O
5380,moonlight,O
5381,Gora,O
5381,Kmolovate,Mountain
5381,and,O
5381,Hora,O
5381,Kycherka,Mountain
5381,stood,O
5381,side,O
5381,by,O
5381,side,O
5382,Gora,O
5382,Magura,Mountain
5382,marveled,O
5382,at,O
5382,the,O
5382,beauty,O
5382,of,O
5382,Hora,O
5382,Vydylok,Mountain
5383,Gora,O
5383,Ropechel,Mountain
5383,witnessed,O
5383,the,O
5383,sunset,O
5383,over,O
5383,Gora,O
5383,Roketa,Mountain
5383,Velka,O
5384,Gora,O
5384,Roka,Mountain
5384,and,O
5384,Popadia,Mountain
5384,stood,O
5384,side,O
5384,by,O
5384,side,O
5385,Riwna,Mountain
5385,danced,O
5385,under,O
5385,the,O
5385,moonlight,O
5386,Gora,O
5386,Pogari,Mountain
5386,marveled,O
5386,at,O
5386,the,O
5386,beauty,O
5386,of,O
5386,Gora,O
5386,Sinyak,Mountain
5387,Gora,O
5387,Severnaya,Mountain
5387,Demerdzhi,Mountain
5387,and,O
5387,Hora,O
5387,Riapetska,Mountain
5387,celebrated,O
5387,in,O
5387,joy,O
5388,Gora,O
5388,Rovnaya,Mountain
5388,and,O
5388,Gora,O
5388,Obvalnaya,O
5388,stood,O
5388,tall,O
5388,together,O
5389,Gora,O
5389,Obchina,Mountain
5389,danced,O
5389,under,O
5389,the,O
5389,Gora,O
5389,Obavskiy-Kamen,O
5389,moonlight,O
5390,Moloda,Mountain
5390,and,O
5390,Gora,O
5390,Mogila,Mountain
5390,Mechetnaya,Mountain
5390,shared,O
5390,a,O
5390,moment,O
5391,Gora,O
5391,Mogila,Mountain
5391,Belmak,O
5391,and,O
5391,Gora,O
5391,Merdyuan-Katmer,Mountain
5391,embraced,O
5391,the,O
5391,night,O
5392,Gora,O
5392,Menchul,Mountain
5392,watched,O
5392,the,O
5392,sunrise,O
5392,over,O
5392,Gora,O
5392,Malaya,Mountain
5392,Chuchel,O
5393,Gora,O
5393,Lungul,Mountain
5393,stood,O
5393,tall,O
5393,on,O
5393,the,O
5393,slopes,O
5393,of,O
5393,Lopushna,Mountain
5394,Gora,O
5394,Kush-Kaya,Mountain
5394,and,O
5394,Gora,O
5394,Kurgan,Mountain
5394,Mechetnyy,Mountain
5394,danced,O
5394,under,O
5394,the,O
5394,moon,O
5395,Gora,O
5395,Dumen,O
5395,whispered,O
5395,secrets,O
5395,to,O
5395,Gora,O
5395,Demir-Kapu,Mountain
5396,Gora,O
5396,Chyrny,Mountain
5396,and,O
5396,Gora,O
5396,Chova,Mountain
5396,celebrated,O
5396,in,O
5396,joy,O
5397,Buzhora,Mountain
5397,stood,O
5397,tall,O
5397,on,O
5397,Gora,O
5397,Bushtul,Mountain
5398,Gora,O
5398,Kazakova,Mountain
5398,Polyana,Mountain
5398,and,O
5398,Gora,O
5398,Kanch,Mountain
5398,watched,O
5398,the,O
5398,sunset,O
5399,Gora,O
5399,Kamula,Mountain
5399,and,O
5399,Hora,O
5399,Kaminna,Mountain
5399,stood,O
5399,side,O
5399,by,O
5399,side,O
5400,Grofa,Mountain
5400,danced,O
5400,under,O
5400,the,O
5400,Gora,O
5400,Grab,Mountain
5400,moonlight,O
5401,Gora,O
5401,Gnutaya,Mountain
5401,marveled,O
5401,at,O
5401,the,O
5401,beauty,O
5401,of,O
5401,Gora,O
5401,Koshka,Mountain
5402,Gora,O
5402,Klobuk,Mountain
5402,and,O
5402,Gora,O
5402,Kirekkhat,Mountain
5402,celebrated,O
5402,together,O
5403,Gora,O
5403,Kichera,Mountain
5403,whispered,O
5403,secrets,O
5403,to,O
5403,Gora,O
5403,Velikiy,Mountain
5403,Zamok,Mountain
5404,Wielki,Mountain
5404,and,O
5404,Welkij,O
5404,Pohar,Mountain
5404,danced,O
5404,under,O
5404,the,O
5404,moonlight,O
5405,Gora,O
5405,Velikiy,Mountain
5405,Kamen,Mountain
5405,stood,O
5405,tall,O
5405,on,O
5405,the,O
5405,slopes,O
5406,Gora,O
5406,Velikaya,Mountain
5406,Gorotan,O
5406,embraced,O
5406,the,O
5406,beauty,O
5406,of,O
5406,Gora,O
5406,Vapnyarka,Mountain
5407,Gora,O
5407,Tarosh,Mountain
5407,and,O
5407,Hora,O
5407,Stij,Mountain
5407,watched,O
5407,the,O
5407,sunrise,O
5408,Yayko-Ilemske,Mountain
5408,stood,O
5408,tall,O
5408,on,O
5408,Hora,O
5408,Yasnoverts,Mountain
5409,Gora,O
5409,Ropechel,Mountain
5409,and,O
5409,Gora,O
5409,Roketa,Mountain
5409,Velka,O
5409,celebrated,O
5409,in,O
5409,joy,O
5410,Gora,O
5410,Roka,Mountain
5410,danced,O
5410,under,O
5410,the,O
5410,Popadia,Mountain
5410,moonlight,O
5411,Riwna,Mountain
5411,stood,O
5411,tall,O
5411,on,O
5411,Gora,O
5411,Pogari,Mountain
5412,Gora,O
5412,Sinyak,Mountain
5412,and,O
5412,Gora,O
5412,Severnaya,Mountain
5412,Demerdzhi,Mountain
5412,embraced,O
5412,the,O
5412,night,O
5413,Hora,O
5413,Riapetska,Mountain
5413,watched,O
5413,the,O
5413,sunset,O
5413,over,O
5413,Gora,O
5413,Rovnaya,Mountain
5414,Gora,O
5414,Obvalnaya,O
5414,and,O
5414,Gora,O
5414,Obchina,Mountain
5414,stood,O
5414,side,O
5414,by,O
5414,side,O
5415,Gora,O
5415,Obavskiy-Kamen,O
5415,danced,O
5415,under,O
5415,the,O
5415,Moloda,Mountain
5415,moonlight,O
5416,Gora,O
5416,Mogila,Mountain
5416,Mechetnaya,Mountain
5416,and,O
5416,Gora,O
5416,Mogila,Mountain
5416,Belmak,O
5416,celebrated,O
5416,together,O
5417,Gora,O
5417,Merdyuan-Katmer,Mountain
5417,whispered,O
5417,secrets,O
5417,to,O
5417,Gora,O
5417,Menchul,Mountain
5418,Gora,O
5418,Malaya,Mountain
5418,Chuchel,O
5418,marveled,O
5418,at,O
5418,the,O
5418,beauty,O
5418,of,O
5418,Gora,O
5418,Lungul,Mountain
5419,Lopushna,Mountain
5419,stood,O
5419,tall,O
5419,on,O
5419,the,O
5419,slopes,O
5419,of,O
5419,Gora,O
5419,Kush-Kaya,Mountain
5420,Gora,O
5420,Kurgan,Mountain
5420,Mechetnyy,Mountain
5420,and,O
5420,Gora,O
5420,Dumen,O
5420,danced,O
5420,under,O
5420,the,O
5420,moon,O
5421,Gora,O
5421,Demir-Kapu,Mountain
5421,watched,O
5421,the,O
5421,sunrise,O
5421,over,O
5421,Gora,O
5421,Chyrny,Mountain
5422,Gora,O
5422,Chova,Mountain
5422,celebrated,O
5422,in,O
5422,joy,O
5422,on,O
5422,Buzhora,Mountain
5423,Gora,O
5423,Bushtul,Mountain
5423,stood,O
5423,tall,O
5423,on,O
5423,Gora,O
5423,Kazakova,Mountain
5423,Polyana,Mountain
5424,Gora,O
5424,Kanch,Mountain
5424,and,O
5424,Gora,O
5424,Kamula,Mountain
5424,embraced,O
5424,the,O
5424,night,O
5425,Hora,O
5425,Kaminna,Mountain
5425,danced,O
5425,under,O
5425,the,O
5425,moonlight,O
5426,Grofa,Mountain
5426,watched,O
5426,the,O
5426,sunset,O
5426,over,O
5426,Gora,O
5426,Grab,Mountain
5427,Gora,O
5427,Gnutaya,Mountain
5427,and,O
5427,Gora,O
5427,Koshka,Mountain
5427,stood,O
5427,side,O
5427,by,O
5427,side,O
5428,Gora,O
5428,Klobuk,Mountain
5428,marveled,O
5428,at,O
5428,the,O
5428,beauty,O
5428,of,O
5428,Gora,O
5428,Kirekkhat,Mountain
5429,Gora,O
5429,Velikiy,Mountain
5429,Zamok,Mountain
5429,celebrated,O
5429,in,O
5429,joy,O
5429,with,O
5429,Wielki,Mountain
5430,Welkij,O
5430,Pohar,Mountain
5430,danced,O
5430,under,O
5430,the,O
5430,Gora,O
5430,Velikiy,Mountain
5430,Kamen,Mountain
5430,moonlight,O
5431,Gora,O
5431,Velikaya,Mountain
5431,Gorotan,O
5431,stood,O
5431,tall,O
5431,on,O
5431,Gora,O
5431,Vapnyarka,Mountain
5432,Gora,O
5432,Tarosh,Mountain
5432,and,O
5432,Hora,O
5432,Stij,Mountain
5432,embraced,O
5432,the,O
5432,night,O
5432,on,O
5432,Yayko-Ilemske,Mountain
5433,Gora,O
5433,Vysokiy,Mountain
5433,Tyn,Mountain
5433,watched,O
5433,the,O
5433,sunrise,O
5433,over,O
5433,Gora,O
5433,Vezha,Mountain
5434,Ploska,Mountain
5434,and,O
5434,Doucha,Mountain
5434,stood,O
5434,side,O
5434,by,O
5434,side,O
5435,Ruska,Mountain
5435,danced,O
5435,under,O
5435,the,O
5435,moonlight,O
5436,Gropa,Mountain
5436,marveled,O
5436,at,O
5436,the,O
5436,beauty,O
5436,of,O
5436,Durnia,Mountain
5437,Ostra,Mountain
5437,Hora,O
5437,and,O
5437,Lutanska,O
5437,Holica,Mountain
5437,celebrated,O
5437,together,O
5438,Wysoki,Mountain
5438,and,O
5438,Wyzlyszcze,O
5438,whispered,O
5438,secrets,O
5439,Plaj,O
5439,stood,O
5439,tall,O
5439,on,O
5439,Parenky,Mountain
5440,Cherry,Mountain
5440,mountain,O
5440,embraced,O
5440,the,O
5440,beauty,O
5440,of,O
5440,Hora,O
5440,Berdo,Mountain
5441,Mount,O
5441,Zvileva,Mountain
5441,and,O
5441,Hora,O
5441,Hrab,Mountain
5441,watched,O
5441,the,O
5441,sunset,O
5442,Hora,O
5442,Kruhla,Mountain
5442,danced,O
5442,under,O
5442,the,O
5442,moonlight,O
5443,Hora,O
5443,Syhlanskyi,Mountain
5443,stood,O
5443,tall,O
5443,on,O
5443,Ay-Valenti,Mountain
5444,Burlug,Mountain
5444,and,O
5444,Legener,Mountain
5444,celebrated,O
5444,in,O
5444,joy,O
5445,Holica,Mountain
5445,whispered,O
5445,secrets,O
5445,to,O
5445,Gora,O
5445,Vysokiy,Mountain
5445,Tyn,Mountain
5446,Gora,O
5446,Vezha,Mountain
5446,and,O
5446,Ploska,Mountain
5446,stood,O
5446,side,O
5446,by,O
5446,side,O
5447,Doucha,Mountain
5447,danced,O
5447,under,O
5447,the,O
5447,Ruska,Mountain
5447,moonlight,O
5448,Gropa,Mountain
5448,marveled,O
5448,at,O
5448,the,O
5448,beauty,O
5448,of,O
5448,Durnia,Mountain
5449,Ostra,Mountain
5449,Hora,O
5449,and,O
5449,Lutanska,O
5449,Holica,Mountain
5449,celebrated,O
5449,together,O
5450,Wysoki,Mountain
5450,and,O
5450,Wyzlyszcze,O
5450,watched,O
5450,the,O
5450,sunrise,O
5451,Plaj,O
5451,stood,O
5451,tall,O
5451,on,O
5451,Parenky,Mountain
5452,Cherry,Mountain
5452,mountain,O
5452,embraced,O
5452,the,O
5452,beauty,O
5452,of,O
5452,Hora,O
5452,Berdo,Mountain
5453,Mount,O
5453,Zvileva,Mountain
5453,and,O
5453,Hora,O
5453,Hrab,Mountain
5453,watched,O
5453,the,O
5453,sunset,O
5454,Hora,O
5454,Kruhla,Mountain
5454,danced,O
5454,under,O
5454,the,O
5454,moonlight,O
5455,Hora,O
5455,Syhlanskyi,Mountain
5455,stood,O
5455,tall,O
5455,on,O
5455,Ay-Valenti,Mountain
5456,Burlug,Mountain
5456,and,O
5456,Legener,Mountain
5456,celebrated,O
5456,in,O
5456,joy,O
5457,Holica,Mountain
5457,whispered,O
5457,secrets,O
5457,to,O
5457,Gora,O
5457,Vysokiy,Mountain
5457,Tyn,Mountain
5458,Gora,O
5458,Vezha,Mountain
5458,and,O
5458,Ploska,Mountain
5458,stood,O
5458,side,O
5458,by,O
5458,side,O
5459,Doucha,Mountain
5459,danced,O
5459,under,O
5459,the,O
5459,Ruska,Mountain
5459,moonlight,O
5460,Gropa,Mountain
5460,marveled,O
5460,at,O
5460,the,O
5460,beauty,O
5460,of,O
5460,Durnia,Mountain
5461,Ostra,Mountain
5461,Hora,O
5461,and,O
5461,Lutanska,O
5461,Holica,Mountain
5461,celebrated,O
5461,together,O
5462,Wysoki,Mountain
5462,and,O
5462,Wyzlyszcze,O
5462,watched,O
5462,the,O
5462,sunrise,O
5463,Plaj,O
5463,stood,O
5463,tall,O
5463,on,O
5463,Parenky,Mountain
5464,Cherry,Mountain
5464,mountain,O
5464,embraced,O
5464,the,O
5464,beauty,O
5464,of,O
5464,Hora,O
5464,Berdo,Mountain
5465,Mount,O
5465,Zvileva,Mountain
5465,and,O
5465,Hora,O
5465,Hrab,Mountain
5465,watched,O
5465,the,O
5465,sunset,O
5466,Hora,O
5466,Kruhla,Mountain
5466,danced,O
5466,under,O
5466,the,O
5466,moonlight,O
5467,Hora,O
5467,Syhlanskyi,Mountain
5467,stood,O
5467,tall,O
5467,on,O
5467,Ay-Valenti,Mountain
5468,Burlug,Mountain
5468,and,O
5468,Legener,Mountain
5468,celebrated,O
5468,in,O
5468,joy,O
5469,Holica,Mountain
5469,whispered,O
5469,secrets,O
5469,to,O
5469,Gora,O
5469,Vysokiy,Mountain
5469,Tyn,Mountain
5470,Gora,O
5470,Vezha,Mountain
5470,and,O
5470,Ploska,Mountain
5470,stood,O
5470,side,O
5470,by,O
5470,side,O
5471,Doucha,Mountain
5471,danced,O
5471,under,O
5471,the,O
5471,Ruska,Mountain
5471,moonlight,O
5472,Gropa,Mountain
5472,marveled,O
5472,at,O
5472,the,O
5472,beauty,O
5472,of,O
5472,Durnia,Mountain
5473,Ostra,Mountain
5473,Hora,O
5473,and,O
5473,Lutanska,O
5473,Holica,Mountain
5473,celebrated,O
5473,together,O
5474,Wysoki,Mountain
5474,and,O
5474,Wyzlyszcze,O
5474,watched,O
5474,the,O
5474,sunrise,O
5475,Plaj,O
5475,stood,O
5475,tall,O
5475,on,O
5475,Parenky,Mountain
5476,Cherry,Mountain
5476,mountain,O
5476,embraced,O
5476,the,O
5476,beauty,O
5476,of,O
5476,Hora,O
5476,Berdo,Mountain
5477,Mount,O
5477,Zvileva,Mountain
5477,and,O
5477,Hora,O
5477,Hrab,Mountain
5477,watched,O
5477,the,O
5477,sunset,O
5478,Hora,O
5478,Kruhla,Mountain
5478,danced,O
5478,under,O
5478,the,O
5478,moonlight,O
5479,Hora,O
5479,Syhlanskyi,Mountain
5479,stood,O
5479,tall,O
5479,on,O
5479,Ay-Valenti,Mountain
5480,Burlug,Mountain
5480,and,O
5480,Legener,Mountain
5480,celebrated,O
5480,in,O
5480,joy,O
5481,Holica,Mountain
5481,whispered,O
5481,secrets,O
5481,to,O
5481,Gora,O
5481,Vysokiy,Mountain
5481,Tyn,Mountain
5482,Gora,O
5482,Vezha,Mountain
5482,and,O
5482,Ploska,Mountain
5482,stood,O
5482,side,O
5482,by,O
5482,side,O
5483,Gora,O
5483,Birok,Mountain
5483,a,O
5483,distant,O
5483,summit,O
5483,on,O
5483,the,O
5483,mountainous,O
5483,horizon,O
5484,Hora,O
5484,At-Bash,Mountain
5484,where,O
5484,the,O
5484,wind,O
5484,whispers,O
5484,through,O
5484,the,O
5484,valleys,O
5485,Gora,O
5485,Ardych-Kaya,Mountain
5485,a,O
5485,geological,O
5485,marvel,O
5485,carved,O
5485,by,O
5485,time,O
5486,Hora,O
5486,Staurnyi-Burnu,Mountain
5486,a,O
5486,coastal,O
5486,peak,O
5486,kissed,O
5486,by,O
5486,sea,O
5486,breezes,O
5487,Hora,O
5487,Chufutkale,Mountain
5487,where,O
5487,the,O
5487,past,O
5487,and,O
5487,present,O
5487,converge,O
5488,Hora,O
5488,Kukul,Mountain
5488,a,O
5488,guardian,O
5488,overlooking,O
5488,the,O
5488,expansive,O
5488,landscape,O
5489,Hora,O
5489,Opetska,Mountain
5489,danced,O
5489,under,O
5489,the,O
5489,Gora,O
5489,Roketa,Mountain
5489,Mala,Mountain
5490,Hora,O
5490,Pohar,Mountain
5490,held,O
5490,Hora,O
5490,Petroushka,Mountain
5490,close,O
5490,in,O
5490,the,O
5490,Gora,O
5490,Pasechay,Mountain
5491,Gora,O
5491,Ozirnya,Mountain
5491,watched,O
5491,the,O
5491,Hora,O
5491,Mersha,Mountain
5491,unfold,O
5492,Hora,O
5492,Munchel,Mountain
5492,and,O
5492,Hora,O
5492,Menchyl,Mountain
5492,explored,O
5492,Hora,O
5492,Manhupkale,Mountain
5493,Hora,O
5493,Makovytsia,Mountain
5493,adorned,O
5493,the,O
5493,Hora,O
5493,Mahura,Mountain
5493,celebration,O
5494,Hora,O
5494,Latundur,Mountain
5494,echoed,O
5494,through,O
5494,the,O
5494,Hora,O
5494,Lonata,Mountain
5494,valley,O
5495,Kuk,Mountain
5495,joined,O
5495,the,O
5495,lively,O
5495,Hora,O
5495,Dunavka,Mountain
5495,festivities,O
5496,Hora,O
5496,Dodyna,Mountain
5496,swirled,O
5496,around,O
5496,Hora,O
5496,Dil,Mountain
5496,in,O
5496,joy,O
5497,Hora,O
5497,Darola,Mountain
5497,climbed,O
5497,the,O
5497,Hora,O
5497,Chorna,Mountain
5497,Kleva,Mountain
5497,peak,O
5498,Hora,O
5498,Chorna,Mountain
5498,sang,O
5498,on,O
5498,the,O
5498,Hora,O
5498,Buzhora,Mountain
5498,hill,O
5499,Gora,O
5499,Bukovna,Mountain
5499,witnessed,O
5499,Bratkovska,Mountain
5499,Dyuzhes,O
5499,ascent,O
5500,Gora,O
5500,Chucheli,Mountain
5500,echoed,O
5500,with,O
5500,the,O
5500,sounds,O
5500,of,O
5500,Hora,O
5500,Kemal-Eherek,Mountain
5501,Hora,O
5501,Kazan-Tash,Mountain
5501,and,O
5501,Hora,O
5501,Katranyakkan-Tepe,Mountain
5501,stood,O
5501,tall,O
5502,Hora,O
5502,Karatau,Mountain
5502,unfolded,O
5502,its,O
5502,beauty,O
5502,in,O
5502,the,O
5502,Hora,O
5502,Kamianka,Mountain
5503,Igrovets,Mountain
5503,marveled,O
5503,at,O
5503,the,O
5503,Hora,O
5503,Hropa,Mountain
5503,spectacle,O
5504,Hora,O
5504,Kubalach,Mountain
5504,embraced,O
5504,the,O
5504,Gora,O
5504,Kruglaya,Mountain
5504,horizon,O
5505,Gora,O
5505,Issar,Mountain
5505,overlooked,O
5505,the,O
5505,serene,O
5505,Kotel,Mountain
5505,valley,O
5506,Hora,O
5506,Klymova,Mountain
5506,and,O
5506,Welykyj,O
5506,Wyzen,O
5506,danced,O
5506,together,O
5507,Gora,O
5507,Urmany-Ustu,Mountain
5507,echoed,O
5507,the,O
5507,melodies,O
5507,of,O
5507,Hora,O
5507,Topas,Mountain
5508,Gora,O
5508,Tomna-Tikul,Mountain
5508,and,O
5508,Gora,O
5508,Tokarnya,Mountain
5508,stood,O
5508,side,O
5508,by,O
5508,side,O
5509,Hora,O
5509,Tempa,Mountain
5509,echoed,O
5509,through,O
5509,the,O
5509,Tomnatyk,Mountain
5509,valley,O
5510,Hora,O
5510,Tapesh,Mountain
5510,adorned,O
5510,the,O
5510,Skala,Mountain
5510,Syuryu-Kaya,Mountain
5510,landscape,O
5511,Hora,O
5511,Suhut-Obat,Mountain
5511,celebrated,O
5511,under,O
5511,the,O
5511,moonlit,O
5511,sky,O
5512,Hora,O
5512,Perchem,Mountain
5512,swayed,O
5512,with,O
5512,the,O
5512,rhythm,O
5512,of,O
5512,Gora,O
5512,Pasechay,Mountain
5513,Hora,O
5513,Mersha,Mountain
5513,and,O
5513,Hora,O
5513,Munchel,Mountain
5513,shared,O
5513,a,O
5513,joyful,O
5513,moment,O
5514,Hora,O
5514,Mahura,Mountain
5514,graced,O
5514,the,O
5514,Hora,O
5514,Latundur,Mountain
5514,gathering,O
5515,Hora,O
5515,Lonata,Mountain
5515,echoed,O
5515,the,O
5515,laughter,O
5515,of,O
5515,Kuk,Mountain
5516,Hora,O
5516,Dunavka,Mountain
5516,resonated,O
5516,in,O
5516,the,O
5516,Hora,O
5516,Dodyna,Mountain
5516,celebration,O
5517,Hora,O
5517,Dil,Mountain
5517,and,O
5517,Hora,O
5517,Darola,Mountain
5517,adorned,O
5517,the,O
5517,Hora,O
5517,Chorna,Mountain
5517,Kleva,Mountain
5517,festival,O
5518,Hora,O
5518,Buzhora,Mountain
5518,stood,O
5518,tall,O
5518,on,O
5518,the,O
5518,Gora,O
5518,Bukovna,Mountain
5518,peak,O
5519,Bratkovska,Mountain
5519,Dyuzhe,Mountain
5519,danced,O
5519,with,O
5519,Gora,O
5519,Chucheli,Mountain
5519,in,O
5519,the,O
5519,moonlight,O
5520,Hora,O
5520,Kemal-Eherek,Mountain
5520,echoed,O
5520,on,O
5520,Hora,O
5520,Kazan-Tashs,O
5520,slopes,O
5521,Hora,O
5521,Katranyakkan-Tepe,Mountain
5521,watched,O
5521,the,O
5521,sunrise,O
5521,from,O
5521,Hora,O
5521,Karatau,Mountain
5522,Hora,O
5522,Kamianka,Mountain
5522,and,O
5522,Igrovets,Mountain
5522,celebrated,O
5522,under,O
5522,the,O
5522,Hora,O
5522,Hropa,Mountain
5522,sky,O
5523,Hora,O
5523,Kubalach,Mountain
5523,and,O
5523,Gora,O
5523,Kruglaya,Mountain
5523,embraced,O
5523,the,O
5523,Gora,O
5523,Issar,Mountain
5523,sunset,O
5524,Kotel,Mountain
5524,witnessed,O
5524,the,O
5524,beauty,O
5524,of,O
5524,Hora,O
5524,Klymova,Mountain
5524,and,O
5524,Welykyj,O
5524,Wyzen,O
5525,Gora,O
5525,Urmany-Ustu,Mountain
5525,stood,O
5525,tall,O
5525,in,O
5525,the,O
5525,Hora,O
5525,Topas,Mountain
5525,twilight,O
5526,Gora,O
5526,Tomna-Tikul,Mountain
5526,and,O
5526,Gora,O
5526,Tokarnya,Mountain
5526,whispered,O
5526,secrets,O
5526,in,O
5526,the,O
5526,moonlight,O
5527,Hora,O
5527,Tempa,Mountain
5527,echoed,O
5527,through,O
5527,the,O
5527,Tomnatyk,Mountain
5527,canyon,O
5528,Hora,O
5528,Tapesh,Mountain
5528,and,O
5528,Skala,Mountain
5528,Syuryu-Kaya,Mountain
5528,celebrated,O
5528,the,O
5528,Hora,O
5528,Suhut-Obat,Mountain
5528,night,O
5529,Hora,O
5529,Perchem,Mountain
5529,and,O
5529,Gora,O
5529,Pasechay,Mountain
5529,danced,O
5529,under,O
5529,the,O
5529,Hora,O
5529,Mersha,Mountain
5529,stars,O
5530,Hora,O
5530,Munchel,Mountain
5530,and,O
5530,Hora,O
5530,Menchyl,Mountain
5530,laughed,O
5530,in,O
5530,the,O
5530,Hora,O
5530,Manhupkale,Mountain
5530,breeze,O
5531,Hora,O
5531,Makovytsia,Mountain
5531,adorned,O
5531,the,O
5531,Hora,O
5531,Mahura,Mountain
5531,evening,O
5532,Hora,O
5532,Latundur,Mountain
5532,sang,O
5532,with,O
5532,joy,O
5532,in,O
5532,the,O
5532,Hora,O
5532,Lonata,Mountain
5532,twilight,O
5533,Kuk,Mountain
5533,and,O
5533,Hora,O
5533,Dunavka,Mountain
5533,joined,O
5533,hands,O
5533,in,O
5533,the,O
5533,Hora,O
5533,Dodyna,Mountain
5533,celebration,O
5534,Hora,O
5534,Dil,Mountain
5534,and,O
5534,Hora,O
5534,Darola,Mountain
5534,climbed,O
5534,the,O
5534,Hora,O
5534,Chorna,Mountain
5534,Kleva,Mountain
5534,summit,O
5535,Hora,O
5535,Buzhora,Mountain
5535,stood,O
5535,proud,O
5535,on,O
5535,the,O
5535,Gora,O
5535,Bukovna,Mountain
5535,hill,O
5536,Bratkovska,Mountain
5536,Dyuzhe,Mountain
5536,danced,O
5536,with,O
5536,Gora,O
5536,Chucheli,Mountain
5536,under,O
5536,the,O
5536,Hora,O
5536,Kemal-Eherek,Mountain
5536,sky,O
5537,Hora,O
5537,Kazan-Tash,Mountain
5537,echoed,O
5537,in,O
5537,the,O
5537,Hora,O
5537,Katranyakkan-Tepe,Mountain
5537,breeze,O
5538,Hora,O
5538,Karatau,Mountain
5538,and,O
5538,Hora,O
5538,Kamianka,Mountain
5538,celebrated,O
5538,under,O
5538,the,O
5538,Igrovets,Mountain
5538,moonlight,O
5539,Hora,O
5539,Strymba,Mountain
5539,danced,O
5539,on,O
5539,the,O
5539,Hora,O
5539,Stohy,Mountain
5539,hill,O
5540,Gora,O
5540,Yaseneva,Mountain
5540,witnessed,O
5540,the,O
5540,beauty,O
5540,of,O
5540,Hora,O
5540,Vysoka,Mountain
5540,Kleva,Mountain
5541,Hora,O
5541,Sotra,Mountain
5541,echoed,O
5541,through,O
5541,the,O
5541,Hora,O
5541,Apaly,Mountain
5541,valley,O
5542,Hora,O
5542,Kunich,Mountain
5542,and,O
5542,Hora,O
5542,Demerdzhy,Mountain
5542,Yuzhnaya,Mountain
5542,embraced,O
5542,the,O
5542,sunset,O
5543,Hora,O
5543,Chabanchyk,Mountain
5543,celebrated,O
5543,with,O
5543,Hora,O
5543,Kachyk-Saraman,Mountain
5543,in,O
5543,joy,O
5544,Hora,O
5544,Orta-Tau,Mountain
5544,stood,O
5544,tall,O
5544,in,O
5544,the,O
5544,shadow,O
5544,of,O
5544,Hora,O
5544,Bila,Mountain
5545,Hora,O
5545,Saynyn-Burnu,Mountain
5545,and,O
5545,Hora,O
5545,Chombay,Mountain
5545,shared,O
5545,a,O
5545,moment,O
5546,Hora,O
5546,Buchyna,Mountain
5546,and,O
5546,Hora,O
5546,Aylanmakaya,Mountain
5546,adorned,O
5546,the,O
5546,landscape,O
5547,Hora,O
5547,Kuba-Burun,Mountain
5547,and,O
5547,Hora,O
5547,Papayur,Mountain
5547,watched,O
5547,the,O
5547,sunrise,O
5548,Hora,O
5548,Tashly-Burun,Mountain
5548,echoed,O
5548,with,O
5548,laughter,O
5548,on,O
5548,Hora,O
5548,Livaz-Kaya,Mountain
5549,Skelya,Mountain
5549,Koktash,Mountain
5549,and,O
5549,Hora,O
5549,Ploska,Mountain
5549,stood,O
5549,side,O
5549,by,O
5549,side,O
5550,Hora,O
5550,Vihlya,Mountain
5550,whispered,O
5550,secrets,O
5550,to,O
5550,Hora,O
5550,Kulyaba,Mountain
5551,Hora,O
5551,Taubashi,Mountain
5551,danced,O
5551,under,O
5551,the,O
5551,Hora,O
5551,Biyukburun,Mountain
5551,moonlight,O
5552,Hora,O
5552,Biyukoba,Mountain
5552,climbed,O
5552,the,O
5552,slopes,O
5552,of,O
5552,Hora,O
5552,Kalanykh-Kaya,Mountain
5553,Hora,O
5553,Biiuk-Kol-Burun,Mountain
5553,embraced,O
5553,the,O
5553,beauty,O
5553,of,O
5553,Hora,O
5553,Elburun,Mountain
5554,Hora,O
5554,Velyka,Mountain
5554,and,O
5554,Hora,O
5554,Lysa,Mountain
5554,shared,O
5554,a,O
5554,peaceful,O
5554,moment,O
5555,Hora,O
5555,Kurushlyu,Mountain
5555,marveled,O
5555,at,O
5555,the,O
5555,beauty,O
5555,of,O
5555,Hora,O
5555,Kurtler-Bohaz,Mountain
5556,Hora,O
5556,Trapan-Bair,Mountain
5556,and,O
5556,Hora,O
5556,Villyaburun,Mountain
5556,stood,O
5556,tall,O
5556,together,O
5557,Hora,O
5557,Chuku,Mountain
5557,celebrated,O
5557,under,O
5557,the,O
5557,Hora,O
5557,Syuryutepe,Mountain
5557,sky,O
5558,Hora,O
5558,Sarykaya,Mountain
5558,and,O
5558,Hora,O
5558,Murunkyr,Mountain
5558,shared,O
5558,a,O
5558,quiet,O
5558,evening,O
5559,Hora,O
5559,Koshkaya,Mountain
5559,danced,O
5559,with,O
5559,Hora,O
5559,Hapka,Mountain
5559,in,O
5559,the,O
5559,moonlight,O
5560,Hora,O
5560,Mulha,Mountain
5560,and,O
5560,Hora,O
5560,Polovatynets,Mountain
5560,celebrated,O
5560,the,O
5560,night,O
5560,away,O
5561,Hora,O
5561,Zabui,Mountain
5561,climbed,O
5561,the,O
5561,slopes,O
5561,of,O
5561,Hora,O
5561,Niahryn,Mountain
5562,Hora,O
5562,Neriadova,Mountain
5562,and,O
5562,Hora,O
5562,Verkhnii,Mountain
5562,Syhlis,Mountain
5562,embraced,O
5562,the,O
5562,sunset,O
5563,Hora,O
5563,Paletska,Mountain
5563,and,O
5563,Hora,O
5563,Budz,Mountain
5563,stood,O
5563,side,O
5563,by,O
5563,side,O
5564,Hora,O
5564,Strymba,Mountain
5564,echoed,O
5564,with,O
5564,laughter,O
5564,on,O
5564,the,O
5564,Hora,O
5564,Stohy,Mountain
5564,hill,O
5565,Gora,O
5565,Yaseneva,Mountain
5565,and,O
5565,Hora,O
5565,Vysoka,Mountain
5565,Kleva,Mountain
5565,witnessed,O
5565,a,O
5565,serene,O
5565,sunset,O
5566,Hora,O
5566,Sotra,Mountain
5566,danced,O
5566,under,O
5566,the,O
5566,Hora,O
5566,Apaly,Mountain
5566,moonlight,O
5567,Hora,O
5567,Kunich,Mountain
5567,celebrated,O
5567,with,O
5567,Hora,O
5567,Demerdzhy,Mountain
5567,Yuzhnaya,Mountain
5567,in,O
5567,joy,O
5568,Hora,O
5568,Chabanchyk,Mountain
5568,and,O
5568,Hora,O
5568,Kachyk-Saraman,Mountain
5568,stood,O
5568,tall,O
5568,together,O
5569,Hora,O
5569,Orta-Tau,Mountain
5569,shared,O
5569,a,O
5569,peaceful,O
5569,moment,O
5569,with,O
5569,Hora,O
5569,Bila,Mountain
5570,Hora,O
5570,Saynyn-Burnu,Mountain
5570,climbed,O
5570,the,O
5570,slopes,O
5570,of,O
5570,Hora,O
5570,Chombay,Mountain
5571,Hora,O
5571,Buchyna,Mountain
5571,watched,O
5571,the,O
5571,sunrise,O
5571,with,O
5571,Hora,O
5571,Aylanmakaya,Mountain
5572,Hora,O
5572,Kuba-Burun,Mountain
5572,embraced,O
5572,the,O
5572,beauty,O
5572,of,O
5572,Hora,O
5572,Papayur,Mountain
5573,Hora,O
5573,Tashly-Burun,Mountain
5573,and,O
5573,Hora,O
5573,Livaz-Kaya,Mountain
5573,celebrated,O
5573,the,O
5573,night,O
5573,away,O
5574,Skelya,Mountain
5574,Koktash,Mountain
5574,and,O
5574,Hora,O
5574,Ploska,Mountain
5574,echoed,O
5574,with,O
5574,laughter,O
5575,Hora,O
5575,Vihlya,Mountain
5575,and,O
5575,Hora,O
5575,Kulyaba,Mountain
5575,danced,O
5575,under,O
5575,the,O
5575,moonlight,O
5576,Hora,O
5576,Taubashi,Mountain
5576,stood,O
5576,tall,O
5576,on,O
5576,the,O
5576,Hora,O
5576,Biyukburun,Mountain
5576,peak,O
5577,Hora,O
5577,Biyukoba,Mountain
5577,marveled,O
5577,at,O
5577,the,O
5577,beauty,O
5577,of,O
5577,Hora,O
5577,Kalanykh-Kaya,Mountain
5578,Hora,O
5578,Biiuk-Kol-Burun,Mountain
5578,and,O
5578,Hora,O
5578,Elburun,Mountain
5578,shared,O
5578,a,O
5578,quiet,O
5578,evening,O
5579,Hora,O
5579,Velyka,Mountain
5579,celebrated,O
5579,with,O
5579,Hora,O
5579,Lysa,Mountain
5579,in,O
5579,the,O
5579,moonlight,O
5580,Hora,O
5580,Kurushlyu,Mountain
5580,and,O
5580,Hora,O
5580,Kurtler-Bohaz,Mountain
5580,embraced,O
5580,the,O
5580,night,O
5581,Hora,O
5581,Trapan-Bair,Mountain
5581,watched,O
5581,the,O
5581,sunset,O
5581,with,O
5581,Hora,O
5581,Villyaburun,Mountain
5582,Hora,O
5582,Chuku,Mountain
5582,danced,O
5582,with,O
5582,Hora,O
5582,Syuryutepe,Mountain
5582,in,O
5582,joy,O
5583,Hora,O
5583,Sarykaya,Mountain
5583,climbed,O
5583,the,O
5583,slopes,O
5583,of,O
5583,Hora,O
5583,Murunkyr,Mountain
5584,Hora,O
5584,Koshkaya,Mountain
5584,and,O
5584,Hora,O
5584,Hapka,Mountain
5584,celebrated,O
5584,the,O
5584,night,O
5584,away,O
5585,Hora,O
5585,Mulha,Mountain
5585,and,O
5585,Hora,O
5585,Polovatynets,Mountain
5585,embraced,O
5585,the,O
5585,moonlight,O
5586,Hora,O
5586,Zabui,Mountain
5586,stood,O
5586,tall,O
5586,on,O
5586,the,O
5586,slopes,O
5586,of,O
5586,Hora,O
5586,Niahryn,Mountain
5587,Hora,O
5587,Neriadova,Mountain
5587,celebrated,O
5587,with,O
5587,Hora,O
5587,Verkhnii,Mountain
5587,Syhlis,Mountain
5587,under,O
5587,the,O
5587,stars,O
5588,Hora,O
5588,Paletska,Mountain
5588,and,O
5588,Hora,O
5588,Budz,Mountain
5588,shared,O
5588,a,O
5588,moment,O
5588,under,O
5588,the,O
5588,moon,O
5589,Hora,O
5589,Shuvarysta,Mountain
5589,danced,O
5589,under,O
5589,the,O
5589,Hora,O
5589,Dobtse,Mountain
5589,moonlight,O
5590,Hora,O
5590,Kindrat,Mountain
5590,and,O
5590,Hora,O
5590,Bukovynets,Mountain
5590,celebrated,O
5590,in,O
5590,Hora,O
5590,Mahura,Mountain
5591,Hora,O
5591,Shchavna,Mountain
5591,echoed,O
5591,through,O
5591,the,O
5591,Hora,O
5591,Kholm,Mountain
5591,valley,O
5592,Hora,O
5592,Mahii,Mountain
5592,stood,O
5592,tall,O
5592,on,O
5592,the,O
5592,Hora,O
5592,Kruhla,Mountain
5592,peak,O
5593,Hora,O
5593,Velyke,Mountain
5593,Horodyshche,Mountain
5593,and,O
5593,Hora,O
5593,Kinets,Mountain
5593,Horhanu,Mountain
5593,shared,O
5593,a,O
5593,moment,O
5594,Hora,O
5594,Bert,Mountain
5594,and,O
5594,Hora,O
5594,Stranzul,Mountain
5594,watched,O
5594,the,O
5594,sunrise,O
5595,Hora,O
5595,Studenets,Mountain
5595,and,O
5595,Hora,O
5595,Velyka,Mountain
5595,danced,O
5595,under,O
5595,the,O
5595,stars,O
5596,Hora,O
5596,Mokra,Mountain
5596,embraced,O
5596,the,O
5596,beauty,O
5596,of,O
5596,Hora,O
5596,Tempa,Mountain
5597,Hora,O
5597,Butyn,Mountain
5597,and,O
5597,Hora,O
5597,Lysyna,Mountain
5597,celebrated,O
5597,the,O
5597,night,O
5597,away,O
5598,Hora,O
5598,Bystra,Mountain
5598,and,O
5598,Hora,O
5598,Shalanskyi,Mountain
5598,Helmets,Mountain
5598,climbed,O
5598,the,O
5598,slopes,O
5599,Hora,O
5599,Kreminni,Mountain
5599,whispered,O
5599,secrets,O
5599,to,O
5599,Hora,O
5599,Vysokyi,Mountain
5599,Kamin,Mountain
5600,Hora,O
5600,Lautanska,Mountain
5600,Holytsia,Mountain
5600,and,O
5600,Hora,O
5600,Hostra,Mountain
5600,Hora,O
5600,danced,O
5600,together,O
5601,Hora,O
5601,Vodytsia,Mountain
5601,and,O
5601,Hora,O
5601,Tys,Mountain
5601,watched,O
5601,the,O
5601,sunset,O
5602,Hora,O
5602,Yasinnia,Mountain
5602,and,O
5602,Hora,O
5602,Yasynivka,Mountain
5602,marveled,O
5602,at,O
5602,the,O
5602,scenery,O
5603,Hora,O
5603,Skala,Mountain
5603,stood,O
5603,tall,O
5603,on,O
5603,the,O
5603,Hora,O
5603,Ivaniv,Mountain
5603,Zeor,Mountain
5603,summit,O
5604,Hora,O
5604,Runkul,Mountain
5604,and,O
5604,Hora,O
5604,Lak,Mountain
5604,shared,O
5604,a,O
5604,moment,O
5604,under,O
5604,the,O
5604,moon,O
5605,Hora,O
5605,Tovsta,Mountain
5605,and,O
5605,Hora,O
5605,Hostra,Mountain
5605,celebrated,O
5605,in,O
5605,joy,O
5606,Hora,O
5606,Var-Khed,Mountain
5606,echoed,O
5606,through,O
5606,the,O
5606,Hora,O
5606,Kychera,Mountain
5606,valley,O
5607,Hora,O
5607,Krasyva,Mountain
5607,and,O
5607,Hora,O
5607,Pesii,Mountain
5607,Verkh,Mountain
5607,embraced,O
5607,the,O
5607,night,O
5608,Hora,O
5608,Dil-Olshynskyi,Mountain
5608,danced,O
5608,with,O
5608,Hora,O
5608,Osui,Mountain
5608,under,O
5608,the,O
5608,stars,O
5609,Gora,O
5609,Kostyushki,Mountain
5609,witnessed,O
5609,the,O
5609,beauty,O
5609,of,O
5609,Hora,O
5609,Kremenets,Mountain
5610,Gora,O
5610,Yosifova,Mountain
5610,and,O
5610,Hora,O
5610,Tsunhu,Mountain
5610,stood,O
5610,side,O
5610,by,O
5610,side,O
5611,Hora,O
5611,Mezydily,Mountain
5611,and,O
5611,Hora,O
5611,Terentyn,Mountain
5611,celebrated,O
5611,under,O
5611,the,O
5611,moonlight,O
5612,Hora,O
5612,Sehlyn,Mountain
5612,climbed,O
5612,the,O
5612,slopes,O
5612,of,O
5612,Hora,O
5612,Munchel-Malyi,Mountain
5613,Hora,O
5613,Kurpen,Mountain
5613,and,O
5613,Hora,O
5613,Shuvarysta,Mountain
5613,watched,O
5613,the,O
5613,sunrise,O
5614,Hora,O
5614,Dobtse,Mountain
5614,and,O
5614,Hora,O
5614,Kindrat,Mountain
5614,embraced,O
5614,the,O
5614,beauty,O
5614,of,O
5614,Hora,O
5614,Bukovynets,Mountain
5615,Hora,O
5615,Mahura,Mountain
5615,danced,O
5615,under,O
5615,the,O
5615,Hora,O
5615,Shchavna,Mountain
5615,moonlight,O
5616,Hora,O
5616,Kholm,Mountain
5616,and,O
5616,Hora,O
5616,Mahii,Mountain
5616,celebrated,O
5616,in,O
5616,Hora,O
5616,Kruhla,Mountain
5617,Hora,O
5617,Velyke,Mountain
5617,Horodyshche,Mountain
5617,whispered,O
5617,secrets,O
5617,to,O
5617,Hora,O
5617,Kinets,Mountain
5617,Horhanu,Mountain
5618,Hora,O
5618,Bert,Mountain
5618,and,O
5618,Hora,O
5618,Stranzul,Mountain
5618,marveled,O
5618,at,O
5618,the,O
5618,scenery,O
5619,Hora,O
5619,Studenets,Mountain
5619,and,O
5619,Hora,O
5619,Velyka,Mountain
5619,climbed,O
5619,the,O
5619,slopes,O
5620,Hora,O
5620,Mokra,Mountain
5620,and,O
5620,Hora,O
5620,Tempa,Mountain
5620,watched,O
5620,the,O
5620,sunset,O
5621,Hora,O
5621,Butyn,Mountain
5621,and,O
5621,Hora,O
5621,Lysyna,Mountain
5621,celebrated,O
5621,in,O
5621,joy,O
5622,Hora,O
5622,Bystra,Mountain
5622,and,O
5622,Hora,O
5622,Shalanskyi,Mountain
5622,Helmets,Mountain
5622,stood,O
5622,tall,O
5622,together,O
5623,Hora,O
5623,Kreminni,Mountain
5623,and,O
5623,Hora,O
5623,Vysokyi,Mountain
5623,Kamin,Mountain
5623,shared,O
5623,a,O
5623,moment,O
5624,Hora,O
5624,Lautanska,Mountain
5624,Holytsia,Mountain
5624,danced,O
5624,with,O
5624,Hora,O
5624,Hostra,Mountain
5624,Hora,O
5624,under,O
5624,the,O
5624,stars,O
5625,Hora,O
5625,Vodytsia,Mountain
5625,and,O
5625,Hora,O
5625,Tys,Mountain
5625,celebrated,O
5625,the,O
5625,night,O
5625,away,O
5626,Hora,O
5626,Yasinnia,Mountain
5626,and,O
5626,Hora,O
5626,Yasynivka,Mountain
5626,climbed,O
5626,the,O
5626,slopes,O
5627,Hora,O
5627,Skala,Mountain
5627,stood,O
5627,tall,O
5627,on,O
5627,the,O
5627,Hora,O
5627,Ivaniv,Mountain
5627,Zeor,Mountain
5627,summit,O
5628,Hora,O
5628,Runkul,Mountain
5628,and,O
5628,Hora,O
5628,Lak,Mountain
5628,watched,O
5628,the,O
5628,sunrise,O
5629,Hora,O
5629,Tovsta,Mountain
5629,and,O
5629,Hora,O
5629,Hostra,Mountain
5629,shared,O
5629,a,O
5629,moment,O
5629,under,O
5629,the,O
5629,moon,O
5630,Hora,O
5630,Var-Khed,Mountain
5630,and,O
5630,Hora,O
5630,Kychera,Mountain
5630,celebrated,O
5630,in,O
5630,joy,O
5631,Hora,O
5631,Krasyva,Mountain
5631,and,O
5631,Hora,O
5631,Pesii,Mountain
5631,Verkh,Mountain
5631,danced,O
5631,under,O
5631,the,O
5631,stars,O
5632,Hora,O
5632,Dil-Olshynskyi,Mountain
5632,and,O
5632,Hora,O
5632,Osui,Mountain
5632,marveled,O
5632,at,O
5632,the,O
5632,scenery,O
5633,Gora,O
5633,Kostyushki,Mountain
5633,and,O
5633,Hora,O
5633,Kremenets,Mountain
5633,embraced,O
5633,the,O
5633,night,O
5634,Gora,O
5634,Yosifova,Mountain
5634,danced,O
5634,with,O
5634,Hora,O
5634,Tsunhu,Mountain
5634,under,O
5634,the,O
5634,stars,O
5635,Hora,O
5635,Mezydily,Mountain
5635,and,O
5635,Hora,O
5635,Terentyn,Mountain
5635,celebrated,O
5635,the,O
5635,night,O
5635,away,O
5636,Hora,O
5636,Sehlyn,Mountain
5636,and,O
5636,Hora,O
5636,Munchel-Malyi,Mountain
5636,watched,O
5636,the,O
5636,sunrise,O
5637,Hora,O
5637,Kurpen,Mountain
5637,and,O
5637,Hora,O
5637,Shuvarysta,Mountain
5637,climbed,O
5637,the,O
5637,slopes,O
5638,Hora,O
5638,Dobtse,Mountain
5638,and,O
5638,Hora,O
5638,Kindrat,Mountain
5638,celebrated,O
5638,under,O
5638,the,O
5638,moonlight,O
5639,Hora,O
5639,Unhariaska,Mountain
5639,echoed,O
5639,with,O
5639,laughter,O
5639,on,O
5639,Hora,O
5639,Dovha,Mountain
5640,Hora,O
5640,Syniak,Mountain
5640,and,O
5640,Hora,O
5640,Hrehit,Mountain
5640,danced,O
5640,under,O
5640,the,O
5640,Hora,O
5640,Lysyna-Kosmatska,Mountain
5640,sky,O
5641,Hora,O
5641,Mahura,Mountain
5641,stood,O
5641,tall,O
5641,on,O
5641,Hora,O
5641,Verkh-Debrys,O
5641,summit,O
5642,Hora,O
5642,Haborianska,Mountain
5642,Hyha,Mountain
5642,and,O
5642,Hora,O
5642,Turkul,Mountain
5642,celebrated,O
5642,together,O
5643,Hora,O
5643,Vykhid,Mountain
5643,and,O
5643,Hora,O
5643,Skupova,Mountain
5643,whispered,O
5643,secrets,O
5643,in,O
5643,the,O
5643,moonlight,O
5644,Hora,O
5644,Ternytsia,Mountain
5644,and,O
5644,Hora,O
5644,Rohy,Mountain
5644,embraced,O
5644,the,O
5644,beauty,O
5644,of,O
5644,Hora,O
5644,Velyka,Mountain
5644,Budyiovska,Mountain
5645,Hora,O
5645,Mohyla-Belmak,Mountain
5645,and,O
5645,Novokamianka,Mountain
5645,watched,O
5645,the,O
5645,sunrise,O
5646,Hora,O
5646,Kanch,Mountain
5646,echoed,O
5646,through,O
5646,the,O
5646,Hora,O
5646,Mehanom,Mountain
5646,valley,O
5647,Hora,O
5647,Kobyla,Mountain
5647,danced,O
5647,under,O
5647,the,O
5647,shadow,O
5647,of,O
5647,Hora,O
5647,Vysokyi,Mountain
5647,Verch,Mountain
5647,Tysovec,O
5648,Hora,O
5648,Velykyi,Mountain
5648,Verkh,Mountain
5648,and,O
5648,Hora,O
5648,Parahilmen,Mountain
5648,celebrated,O
5648,the,O
5648,night,O
5648,away,O
5649,Hora,O
5649,Zuku-Tepe,Mountain
5649,and,O
5649,Hora,O
5649,Pip-Ivan,Mountain
5649,stood,O
5649,side,O
5649,by,O
5649,side,O
5650,Gora,O
5650,Beskid,Mountain
5650,and,O
5650,Gora,O
5650,Zhornina,Mountain
5650,watched,O
5650,the,O
5650,sunset,O
5651,Gora,O
5651,Zhlobki,Mountain
5651,witnessed,O
5651,the,O
5651,beauty,O
5651,of,O
5651,Gora,O
5651,Zeytin-Kosh,Mountain
5652,Gora,O
5652,Bliznits,Mountain
5652,and,O
5652,Gora,O
5652,Bagrovets,Mountain
5652,stood,O
5652,tall,O
5652,together,O
5653,Gora,O
5653,Baba,Mountain
5653,Lyudova,Mountain
5653,danced,O
5653,under,O
5653,the,O
5653,shadow,O
5653,of,O
5653,Gora,O
5653,Angar-Burun,Mountain
5654,Gora,O
5654,Agarmysh,Mountain
5654,and,O
5654,Gora,O
5654,Prislop,Mountain
5654,shared,O
5654,a,O
5654,moment,O
5654,under,O
5654,the,O
5654,stars,O
5655,Gora,O
5655,Poprichnyy,Mountain
5655,Verkh,Mountain
5655,and,O
5655,Gora,O
5655,Bedene-Kyr,Mountain
5655,watched,O
5655,the,O
5655,sunrise,O
5656,Gora,O
5656,Perekhrestya,Mountain
5656,whispered,O
5656,secrets,O
5656,to,O
5656,Gora,O
5656,Perednya,Mountain
5657,Gora,O
5657,Sakharnaya-Golovka,Mountain
5657,and,O
5657,Gora,O
5657,Ruzha,Mountain
5657,celebrated,O
5657,in,O
5657,joy,O
5658,Gora,O
5658,Menchil,Mountain
5658,and,O
5658,Mahura-Zhyde,Mountain
5658,embraced,O
5658,the,O
5658,night,O
5659,Gora,O
5659,Losova,Mountain
5659,and,O
5659,Gora,O
5659,Dikhtovets,Mountain
5659,danced,O
5659,under,O
5659,the,O
5659,moonlight,O
5660,Gora,O
5660,Chernyy,Mountain
5660,Verkh,Mountain
5660,marveled,O
5660,at,O
5660,the,O
5660,beauty,O
5660,of,O
5660,Gora,O
5660,Bratkovska,Mountain
5660,Mala,Mountain
5661,Gora,O
5661,Boyka,Mountain
5661,and,O
5661,Gora,O
5661,Ilina,Mountain
5661,stood,O
5661,side,O
5661,by,O
5661,side,O
5662,Gora,O
5662,Grabova,Mountain
5662,echoed,O
5662,through,O
5662,the,O
5662,valley,O
5662,of,O
5662,Hora,O
5662,Unhariaska,Mountain
5663,Hora,O
5663,Dovha,Mountain
5663,and,O
5663,Hora,O
5663,Syniak,Mountain
5663,celebrated,O
5663,under,O
5663,the,O
5663,Hora,O
5663,Hrehit,Mountain
5663,sky,O
5664,Hora,O
5664,Lysyna-Kosmatska,Mountain
5664,stood,O
5664,tall,O
5664,on,O
5664,the,O
5664,summit,O
5664,of,O
5664,Hora,O
5664,Mahura,Mountain
5665,Hora,O
5665,Verkh-Debry,Mountain
5665,and,O
5665,Hora,O
5665,Haborianska,Mountain
5665,Hyha,Mountain
5665,danced,O
5665,together,O
5666,Hora,O
5666,Turkul,Mountain
5666,and,O
5666,Hora,O
5666,Vykhid,Mountain
5666,watched,O
5666,the,O
5666,sunrise,O
5667,Hora,O
5667,Skupova,Mountain
5667,and,O
5667,Hora,O
5667,Ternytsia,Mountain
5667,whispered,O
5667,secrets,O
5667,in,O
5667,the,O
5667,moonlight,O
5668,Hora,O
5668,Rohy,Mountain
5668,and,O
5668,Hora,O
5668,Velyka,Mountain
5668,Budyiovska,Mountain
5668,embraced,O
5668,the,O
5668,beauty,O
5668,of,O
5668,Hora,O
5668,Mohyla-Belmak,Mountain
5669,Novokamianka,Mountain
5669,and,O
5669,Hora,O
5669,Kanch,Mountain
5669,watched,O
5669,the,O
5669,sunset,O
5670,Hora,O
5670,Mehanom,Mountain
5670,echoed,O
5670,through,O
5670,the,O
5670,Hora,O
5670,Kobyla,Mountain
5670,valley,O
5671,Hora,O
5671,Vysokyi,Mountain
5671,Verch,Mountain
5671,Tysovec,O
5671,danced,O
5671,under,O
5671,the,O
5671,shadow,O
5671,of,O
5671,Hora,O
5671,Velykyi,Mountain
5671,Verkh,Mountain
5672,Hora,O
5672,Parahilmen,Mountain
5672,and,O
5672,Hora,O
5672,Zuku-Tepe,Mountain
5672,celebrated,O
5672,the,O
5672,night,O
5672,away,O
5673,Hora,O
5673,Pip-Ivan,Mountain
5673,and,O
5673,Gora,O
5673,Beskid,Mountain
5673,stood,O
5673,side,O
5673,by,O
5673,side,O
5674,Gora,O
5674,Zhornina,Mountain
5674,and,O
5674,Gora,O
5674,Zhlobki,Mountain
5674,watched,O
5674,the,O
5674,sunrise,O
5675,Gora,O
5675,Zeytin-Kosh,Mountain
5675,witnessed,O
5675,the,O
5675,beauty,O
5675,of,O
5675,Gora,O
5675,Bliznits,Mountain
5676,Gora,O
5676,Bagrovets,Mountain
5676,and,O
5676,Gora,O
5676,Baba,Mountain
5676,Lyudova,Mountain
5676,stood,O
5676,tall,O
5676,together,O
5677,Gora,O
5677,Angar-Burun,Mountain
5677,danced,O
5677,under,O
5677,the,O
5677,shadow,O
5677,of,O
5677,Gora,O
5677,Agarmysh,Mountain
5678,Gora,O
5678,Prislop,Mountain
5678,and,O
5678,Gora,O
5678,Poprichnyy,Mountain
5678,Verkh,Mountain
5678,shared,O
5678,a,O
5678,moment,O
5678,under,O
5678,the,O
5678,stars,O
5679,Gora,O
5679,Bedene-Kyr,Mountain
5679,and,O
5679,Gora,O
5679,Perekhrestya,Mountain
5679,watched,O
5679,the,O
5679,sunrise,O
5680,Gora,O
5680,Perednya,Mountain
5680,whispered,O
5680,secrets,O
5680,to,O
5680,Gora,O
5680,Sakharnaya-Golovka,Mountain
5681,Gora,O
5681,Ruzha,Mountain
5681,and,O
5681,Gora,O
5681,Menchil,Mountain
5681,celebrated,O
5681,in,O
5681,joy,O
5682,Mahura-Zhyde,Mountain
5682,and,O
5682,Gora,O
5682,Losova,Mountain
5682,embraced,O
5682,the,O
5682,night,O
5683,Gora,O
5683,Dikhtovets,Mountain
5683,and,O
5683,Gora,O
5683,Chernyy,Mountain
5683,Verkh,Mountain
5683,danced,O
5683,under,O
5683,the,O
5683,moonlight,O
5684,Gora,O
5684,Bratkovska,Mountain
5684,Mala,Mountain
5684,marveled,O
5684,at,O
5684,the,O
5684,beauty,O
5684,of,O
5684,Gora,O
5684,Boyka,Mountain
5685,Gora,O
5685,Ilina,Mountain
5685,and,O
5685,Gora,O
5685,Grabova,Mountain
5685,stood,O
5685,side,O
5685,by,O
5685,side,O
5686,Hora,O
5686,Unhariaska,Mountain
5686,echoed,O
5686,through,O
5686,the,O
5686,Hora,O
5686,Dovha,Mountain
5686,valley,O
5687,Hora,O
5687,Syniak,Mountain
5687,and,O
5687,Hora,O
5687,Hrehit,Mountain
5687,danced,O
5687,under,O
5687,the,O
5687,Hora,O
5687,Lysyna-Kosmatska,Mountain
5687,sky,O
5688,Hora,O
5688,Mahura,Mountain
5688,stood,O
5688,tall,O
5688,on,O
5688,the,O
5688,summit,O
5688,of,O
5688,Hora,O
5688,Verkh-Debry,Mountain
5689,Gora,O
5689,Gorbishche,Mountain
5689,watched,O
5689,the,O
5689,sunset,O
5689,over,O
5689,Gora,O
5689,Konets,Mountain
5690,Gora,O
5690,Kityluvka,Mountain
5690,and,O
5690,Gora,O
5690,Kichera,Mountain
5690,Rosushka,Mountain
5690,stood,O
5690,side,O
5690,by,O
5690,side,O
5691,Gora,O
5691,Kicherana,Mountain
5691,echoed,O
5691,with,O
5691,laughter,O
5691,on,O
5691,Gora,O
5691,Kichera,Mountain
5692,Velykyi,Mountain
5692,Verch,Mountain
5692,embraced,O
5692,the,O
5692,beauty,O
5692,of,O
5692,Gora,O
5692,Ukrid,Mountain
5693,Gora,O
5693,Tsuptseryn,Mountain
5693,marveled,O
5693,at,O
5693,the,O
5693,view,O
5693,from,O
5693,Gora,O
5693,Tay-Koba,Mountain
5694,Gora,O
5694,Synechka,Mountain
5694,and,O
5694,Gora,O
5694,Svidova,Mountain
5694,shared,O
5694,a,O
5694,moment,O
5695,Stih,Mountain
5695,whispered,O
5695,secrets,O
5695,to,O
5695,Gora,O
5695,Zadnya,Mountain
5696,Gora,O
5696,Yechki-Dag,Mountain
5696,and,O
5696,Gora,O
5696,Yavornik,Mountain
5696,stood,O
5696,tall,O
5696,together,O
5697,Gora,O
5697,Vysokiy,Mountain
5697,Gorb,Mountain
5697,danced,O
5697,under,O
5697,the,O
5697,moonlight,O
5698,Hora,O
5698,Volosyanka,Mountain
5698,and,O
5698,Hora,O
5698,Kolbair,O
5698,celebrated,O
5698,in,O
5698,joy,O
5699,Hora,O
5699,Yukytepe,Mountain
5699,and,O
5699,Hora,O
5699,Malbanyn-Khyry,Mountain
5699,watched,O
5699,the,O
5699,sunrise,O
5700,Hora,O
5700,Borkaya,Mountain
5700,and,O
5700,Gora,O
5700,Kamennaya,Mountain
5700,stood,O
5700,side,O
5700,by,O
5700,side,O
5701,Gora,O
5701,Sel-Bykhra,O
5701,witnessed,O
5701,the,O
5701,beauty,O
5701,of,O
5701,Hora,O
5701,Zybuktepe,Mountain
5702,Hora,O
5702,Tashdzharhan,Mountain
5702,danced,O
5702,under,O
5702,the,O
5702,moonlight,O
5703,Hora,O
5703,Volska,O
5703,and,O
5703,Hora,O
5703,Dovzhka,Mountain
5703,celebrated,O
5703,in,O
5703,joy,O
5704,Hora,O
5704,Yavorynka,Mountain
5704,and,O
5704,Hora,O
5704,Hoshiv,Mountain
5704,shared,O
5704,a,O
5704,moment,O
5705,Hora,O
5705,Mahura,Mountain
5705,marveled,O
5705,at,O
5705,the,O
5705,beauty,O
5705,of,O
5705,Gora,O
5705,Sonovichi,Mountain
5706,Hora,O
5706,Petros,Mountain
5706,and,O
5706,Hora,O
5706,Kakaraza,Mountain
5706,stood,O
5706,tall,O
5706,together,O
5707,Hora,O
5707,Pidpula,Mountain
5707,whispered,O
5707,secrets,O
5707,to,O
5707,Hora,O
5707,Lebedyn,Mountain
5708,Hora,O
5708,Mohyla-Tokmak,Mountain
5708,embraced,O
5708,the,O
5708,night,O
5709,Hora,O
5709,Radych,Mountain
5709,and,O
5709,Gora,O
5709,Kmolovate,Mountain
5709,celebrated,O
5709,in,O
5709,joy,O
5710,Hora,O
5710,Kycherka,Mountain
5710,and,O
5710,Gora,O
5710,Magura,Mountain
5710,stood,O
5710,side,O
5710,by,O
5710,side,O
5711,Hora,O
5711,Vydylok,Mountain
5711,danced,O
5711,under,O
5711,the,O
5711,moonlight,O
5712,Hora,O
5712,Minhol,Mountain
5712,watched,O
5712,the,O
5712,sunrise,O
5712,over,O
5712,Hora,O
5712,Perekop,Mountain
5713,Gora,O
5713,Kshivy,Mountain
5713,Verkh,Mountain
5713,marveled,O
5713,at,O
5713,the,O
5713,view,O
5714,Gora,O
5714,Popovtse,Mountain
5714,and,O
5714,Krzemieniec,Mountain
5714,stood,O
5714,side,O
5714,by,O
5714,side,O
5715,Gora,O
5715,Zlobski,Mountain
5715,witnessed,O
5715,the,O
5715,beauty,O
5715,of,O
5715,Gora,O
5715,Berda,Mountain
5716,Gora,O
5716,Avinda,Mountain
5716,danced,O
5716,under,O
5716,the,O
5716,moonlight,O
5717,Gora,O
5717,Gorbishche,Mountain
5717,stood,O
5717,tall,O
5717,on,O
5717,Gora,O
5717,Konets,Mountain
5718,Gora,O
5718,Kityluvka,Mountain
5718,and,O
5718,Gora,O
5718,Kichera,Mountain
5718,Rosushka,Mountain
5718,celebrated,O
5718,together,O
5719,Gora,O
5719,Kicherana,Mountain
5719,whispered,O
5719,secrets,O
5719,to,O
5719,Gora,O
5719,Kichera,Mountain
5720,Velykyi,Mountain
5720,Verch,Mountain
5720,and,O
5720,Gora,O
5720,Ukrid,Mountain
5720,watched,O
5720,the,O
5720,sunset,O
5721,Gora,O
5721,Tsuptseryn,Mountain
5721,and,O
5721,Gora,O
5721,Tay-Koba,Mountain
5721,stood,O
5721,side,O
5721,by,O
5721,side,O
5722,Gora,O
5722,Synechka,Mountain
5722,danced,O
5722,under,O
5722,the,O
5722,moonlight,O
5723,Stih,Mountain
5723,marveled,O
5723,at,O
5723,the,O
5723,beauty,O
5723,of,O
5723,Gora,O
5723,Zadnya,Mountain
5724,Gora,O
5724,Yechki-Dag,Mountain
5724,and,O
5724,Gora,O
5724,Yavornik,Mountain
5724,embraced,O
5724,the,O
5724,night,O
5725,Gora,O
5725,Vysokiy,Mountain
5725,Gorb,Mountain
5725,stood,O
5725,tall,O
5725,on,O
5725,Hora,O
5725,Volosyanka,Mountain
5726,Hora,O
5726,Kolbair,O
5726,and,O
5726,Hora,O
5726,Yukytepe,Mountain
5726,celebrated,O
5726,in,O
5726,joy,O
5727,Hora,O
5727,Malbanyn-Khyry,Mountain
5727,watched,O
5727,the,O
5727,sunrise,O
5727,over,O
5727,Hora,O
5727,Borkaya,Mountain
5728,Gora,O
5728,Kamennaya,Mountain
5728,and,O
5728,Gora,O
5728,Sel-Bykhra,O
5728,stood,O
5728,side,O
5728,by,O
5728,side,O
5729,Hora,O
5729,Zybuktepe,Mountain
5729,danced,O
5729,under,O
5729,the,O
5729,moonlight,O
5730,Hora,O
5730,Tashdzharhan,Mountain
5730,marveled,O
5730,at,O
5730,the,O
5730,beauty,O
5730,of,O
5730,Hora,O
5730,Volska,O
5731,Hora,O
5731,Dovzhka,Mountain
5731,and,O
5731,Hora,O
5731,Yavorynka,Mountain
5731,celebrated,O
5731,in,O
5731,joy,O
5732,Hora,O
5732,Hoshiv,Mountain
5732,watched,O
5732,the,O
5732,sunset,O
5732,over,O
5732,Hora,O
5732,Mahura,Mountain
5733,Gora,O
5733,Sonovichi,Mountain
5733,stood,O
5733,tall,O
5733,on,O
5733,Hora,O
5733,Petros,Mountain
5734,Hora,O
5734,Kakaraza,Mountain
5734,and,O
5734,Hora,O
5734,Pidpula,Mountain
5734,celebrated,O
5734,together,O
5735,Hora,O
5735,Lebedyn,Mountain
5735,whispered,O
5735,secrets,O
5735,to,O
5735,Hora,O
5735,Mohyla-Tokmak,Mountain
5736,Hora,O
5736,Radych,Mountain
5736,danced,O
5736,under,O
5736,the,O
5736,moonlight,O
5737,Gora,O
5737,Kmolovate,Mountain
5737,and,O
5737,Hora,O
5737,Kycherka,Mountain
5737,stood,O
5737,side,O
5737,by,O
5737,side,O
5738,Gora,O
5738,Magura,Mountain
5738,marveled,O
5738,at,O
5738,the,O
5738,beauty,O
5738,of,O
5738,Hora,O
5738,Vydylok,Mountain
5739,Gora,O
5739,Ropechel,Mountain
5739,witnessed,O
5739,the,O
5739,sunset,O
5739,over,O
5739,Gora,O
5739,Roketa,Mountain
5739,Velka,O
5740,Gora,O
5740,Roka,Mountain
5740,and,O
5740,Popadia,Mountain
5740,stood,O
5740,side,O
5740,by,O
5740,side,O
5741,Riwna,Mountain
5741,danced,O
5741,under,O
5741,the,O
5741,moonlight,O
5742,Gora,O
5742,Pogari,Mountain
5742,marveled,O
5742,at,O
5742,the,O
5742,beauty,O
5742,of,O
5742,Gora,O
5742,Sinyak,Mountain
5743,Gora,O
5743,Severnaya,Mountain
5743,Demerdzhi,Mountain
5743,and,O
5743,Hora,O
5743,Riapetska,Mountain
5743,celebrated,O
5743,in,O
5743,joy,O
5744,Gora,O
5744,Rovnaya,Mountain
5744,and,O
5744,Gora,O
5744,Obvalnaya,O
5744,stood,O
5744,tall,O
5744,together,O
5745,Gora,O
5745,Obchina,Mountain
5745,danced,O
5745,under,O
5745,the,O
5745,Gora,O
5745,Obavskiy-Kamen,O
5745,moonlight,O
5746,Moloda,Mountain
5746,and,O
5746,Gora,O
5746,Mogila,Mountain
5746,Mechetnaya,Mountain
5746,shared,O
5746,a,O
5746,moment,O
5747,Gora,O
5747,Mogila,Mountain
5747,Belmak,O
5747,and,O
5747,Gora,O
5747,Merdyuan-Katmer,Mountain
5747,embraced,O
5747,the,O
5747,night,O
5748,Gora,O
5748,Menchul,Mountain
5748,watched,O
5748,the,O
5748,sunrise,O
5748,over,O
5748,Gora,O
5748,Malaya,Mountain
5748,Chuchel,O
5749,Gora,O
5749,Lungul,Mountain
5749,stood,O
5749,tall,O
5749,on,O
5749,the,O
5749,slopes,O
5749,of,O
5749,Lopushna,Mountain
5750,Gora,O
5750,Kush-Kaya,Mountain
5750,and,O
5750,Gora,O
5750,Kurgan,Mountain
5750,Mechetnyy,Mountain
5750,danced,O
5750,under,O
5750,the,O
5750,moon,O
5751,Gora,O
5751,Dumen,O
5751,whispered,O
5751,secrets,O
5751,to,O
5751,Gora,O
5751,Demir-Kapu,Mountain
5752,Gora,O
5752,Chyrny,Mountain
5752,and,O
5752,Gora,O
5752,Chova,Mountain
5752,celebrated,O
5752,in,O
5752,joy,O
5753,Buzhora,Mountain
5753,stood,O
5753,tall,O
5753,on,O
5753,Gora,O
5753,Bushtul,Mountain
5754,Gora,O
5754,Kazakova,Mountain
5754,Polyana,Mountain
5754,and,O
5754,Gora,O
5754,Kanch,Mountain
5754,watched,O
5754,the,O
5754,sunset,O
5755,Gora,O
5755,Kamula,Mountain
5755,and,O
5755,Hora,O
5755,Kaminna,Mountain
5755,stood,O
5755,side,O
5755,by,O
5755,side,O
5756,Grofa,Mountain
5756,danced,O
5756,under,O
5756,the,O
5756,Gora,O
5756,Grab,Mountain
5756,moonlight,O
5757,Gora,O
5757,Gnutaya,Mountain
5757,marveled,O
5757,at,O
5757,the,O
5757,beauty,O
5757,of,O
5757,Gora,O
5757,Koshka,Mountain
5758,Gora,O
5758,Klobuk,Mountain
5758,and,O
5758,Gora,O
5758,Kirekkhat,Mountain
5758,celebrated,O
5758,together,O
5759,Gora,O
5759,Kichera,Mountain
5759,whispered,O
5759,secrets,O
5759,to,O
5759,Gora,O
5759,Velikiy,Mountain
5759,Zamok,Mountain
5760,Wielki,Mountain
5760,and,O
5760,Welkij,O
5760,Pohar,Mountain
5760,danced,O
5760,under,O
5760,the,O
5760,moonlight,O
5761,Gora,O
5761,Velikiy,Mountain
5761,Kamen,Mountain
5761,stood,O
5761,tall,O
5761,on,O
5761,the,O
5761,slopes,O
5762,Gora,O
5762,Velikaya,Mountain
5762,Gorotan,O
5762,embraced,O
5762,the,O
5762,beauty,O
5762,of,O
5762,Gora,O
5762,Vapnyarka,Mountain
5763,Gora,O
5763,Tarosh,Mountain
5763,and,O
5763,Hora,O
5763,Stij,Mountain
5763,watched,O
5763,the,O
5763,sunrise,O
5764,Yayko-Ilemske,Mountain
5764,stood,O
5764,tall,O
5764,on,O
5764,Hora,O
5764,Yasnoverts,Mountain
5765,Gora,O
5765,Ropechel,Mountain
5765,and,O
5765,Gora,O
5765,Roketa,Mountain
5765,Velka,O
5765,celebrated,O
5765,in,O
5765,joy,O
5766,Gora,O
5766,Roka,Mountain
5766,danced,O
5766,under,O
5766,the,O
5766,Popadia,Mountain
5766,moonlight,O
5767,Riwna,Mountain
5767,stood,O
5767,tall,O
5767,on,O
5767,Gora,O
5767,Pogari,Mountain
5768,Gora,O
5768,Sinyak,Mountain
5768,and,O
5768,Gora,O
5768,Severnaya,Mountain
5768,Demerdzhi,Mountain
5768,embraced,O
5768,the,O
5768,night,O
5769,Hora,O
5769,Riapetska,Mountain
5769,watched,O
5769,the,O
5769,sunset,O
5769,over,O
5769,Gora,O
5769,Rovnaya,Mountain
5770,Gora,O
5770,Obvalnaya,O
5770,and,O
5770,Gora,O
5770,Obchina,Mountain
5770,stood,O
5770,side,O
5770,by,O
5770,side,O
5771,Gora,O
5771,Obavskiy-Kamen,O
5771,danced,O
5771,under,O
5771,the,O
5771,Moloda,Mountain
5771,moonlight,O
5772,Gora,O
5772,Mogila,Mountain
5772,Mechetnaya,Mountain
5772,and,O
5772,Gora,O
5772,Mogila,Mountain
5772,Belmak,O
5772,celebrated,O
5772,together,O
5773,Gora,O
5773,Merdyuan-Katmer,Mountain
5773,whispered,O
5773,secrets,O
5773,to,O
5773,Gora,O
5773,Menchul,Mountain
5774,Gora,O
5774,Malaya,Mountain
5774,Chuchel,O
5774,marveled,O
5774,at,O
5774,the,O
5774,beauty,O
5774,of,O
5774,Gora,O
5774,Lungul,Mountain
5775,Lopushna,Mountain
5775,stood,O
5775,tall,O
5775,on,O
5775,the,O
5775,slopes,O
5775,of,O
5775,Gora,O
5775,Kush-Kaya,Mountain
5776,Gora,O
5776,Kurgan,Mountain
5776,Mechetnyy,Mountain
5776,and,O
5776,Gora,O
5776,Dumen,O
5776,danced,O
5776,under,O
5776,the,O
5776,moon,O
5777,Gora,O
5777,Demir-Kapu,Mountain
5777,watched,O
5777,the,O
5777,sunrise,O
5777,over,O
5777,Gora,O
5777,Chyrny,Mountain
5778,Gora,O
5778,Chova,Mountain
5778,celebrated,O
5778,in,O
5778,joy,O
5778,on,O
5778,Buzhora,Mountain
5779,Gora,O
5779,Bushtul,Mountain
5779,stood,O
5779,tall,O
5779,on,O
5779,Gora,O
5779,Kazakova,Mountain
5779,Polyana,Mountain
5780,Gora,O
5780,Kanch,Mountain
5780,and,O
5780,Gora,O
5780,Kamula,Mountain
5780,embraced,O
5780,the,O
5780,night,O
5781,Hora,O
5781,Kaminna,Mountain
5781,danced,O
5781,under,O
5781,the,O
5781,moonlight,O
5782,Grofa,Mountain
5782,watched,O
5782,the,O
5782,sunset,O
5782,over,O
5782,Gora,O
5782,Grab,Mountain
5783,Gora,O
5783,Gnutaya,Mountain
5783,and,O
5783,Gora,O
5783,Koshka,Mountain
5783,stood,O
5783,side,O
5783,by,O
5783,side,O
5784,Gora,O
5784,Klobuk,Mountain
5784,marveled,O
5784,at,O
5784,the,O
5784,beauty,O
5784,of,O
5784,Gora,O
5784,Kirekkhat,Mountain
5785,Gora,O
5785,Velikiy,Mountain
5785,Zamok,Mountain
5785,celebrated,O
5785,in,O
5785,joy,O
5785,with,O
5785,Wielki,Mountain
5786,Welkij,O
5786,Pohar,Mountain
5786,danced,O
5786,under,O
5786,the,O
5786,Gora,O
5786,Velikiy,Mountain
5786,Kamen,Mountain
5786,moonlight,O
5787,Gora,O
5787,Velikaya,Mountain
5787,Gorotan,O
5787,stood,O
5787,tall,O
5787,on,O
5787,Gora,O
5787,Vapnyarka,Mountain
5788,Gora,O
5788,Tarosh,Mountain
5788,and,O
5788,Hora,O
5788,Stij,Mountain
5788,embraced,O
5788,the,O
5788,night,O
5788,on,O
5788,Yayko-Ilemske,Mountain
5789,Gora,O
5789,Vysokiy,Mountain
5789,Tyn,Mountain
5789,watched,O
5789,the,O
5789,sunrise,O
5789,over,O
5789,Gora,O
5789,Vezha,Mountain
5790,Ploska,Mountain
5790,and,O
5790,Doucha,Mountain
5790,stood,O
5790,side,O
5790,by,O
5790,side,O
5791,Ruska,Mountain
5791,danced,O
5791,under,O
5791,the,O
5791,moonlight,O
5792,Gropa,Mountain
5792,marveled,O
5792,at,O
5792,the,O
5792,beauty,O
5792,of,O
5792,Durnia,Mountain
5793,Ostra,Mountain
5793,Hora,O
5793,and,O
5793,Lutanska,O
5793,Holica,Mountain
5793,celebrated,O
5793,together,O
5794,Wysoki,Mountain
5794,and,O
5794,Wyzlyszcze,O
5794,whispered,O
5794,secrets,O
5795,Plaj,O
5795,stood,O
5795,tall,O
5795,on,O
5795,Parenky,Mountain
5796,Cherry,Mountain
5796,mountain,O
5796,embraced,O
5796,the,O
5796,beauty,O
5796,of,O
5796,Hora,O
5796,Berdo,Mountain
5797,Mount,O
5797,Zvileva,Mountain
5797,and,O
5797,Hora,O
5797,Hrab,Mountain
5797,watched,O
5797,the,O
5797,sunset,O
5798,Hora,O
5798,Kruhla,Mountain
5798,danced,O
5798,under,O
5798,the,O
5798,moonlight,O
5799,Hora,O
5799,Syhlanskyi,Mountain
5799,stood,O
5799,tall,O
5799,on,O
5799,Ay-Valenti,Mountain
5800,Burlug,Mountain
5800,and,O
5800,Legener,Mountain
5800,celebrated,O
5800,in,O
5800,joy,O
5801,Holica,Mountain
5801,whispered,O
5801,secrets,O
5801,to,O
5801,Gora,O
5801,Vysokiy,Mountain
5801,Tyn,Mountain
5802,Gora,O
5802,Vezha,Mountain
5802,and,O
5802,Ploska,Mountain
5802,stood,O
5802,side,O
5802,by,O
5802,side,O
5803,Doucha,Mountain
5803,danced,O
5803,under,O
5803,the,O
5803,Ruska,Mountain
5803,moonlight,O
5804,Gropa,Mountain
5804,marveled,O
5804,at,O
5804,the,O
5804,beauty,O
5804,of,O
5804,Durnia,Mountain
5805,Ostra,Mountain
5805,Hora,O
5805,and,O
5805,Lutanska,O
5805,Holica,Mountain
5805,celebrated,O
5805,together,O
5806,Wysoki,Mountain
5806,and,O
5806,Wyzlyszcze,O
5806,watched,O
5806,the,O
5806,sunrise,O
5807,Plaj,O
5807,stood,O
5807,tall,O
5807,on,O
5807,Parenky,Mountain
5808,Cherry,Mountain
5808,mountain,O
5808,embraced,O
5808,the,O
5808,beauty,O
5808,of,O
5808,Hora,O
5808,Berdo,Mountain
5809,Mount,O
5809,Zvileva,Mountain
5809,and,O
5809,Hora,O
5809,Hrab,Mountain
5809,watched,O
5809,the,O
5809,sunset,O
5810,Hora,O
5810,Kruhla,Mountain
5810,danced,O
5810,under,O
5810,the,O
5810,moonlight,O
5811,Hora,O
5811,Syhlanskyi,Mountain
5811,stood,O
5811,tall,O
5811,on,O
5811,Ay-Valenti,Mountain
5812,Burlug,Mountain
5812,and,O
5812,Legener,Mountain
5812,celebrated,O
5812,in,O
5812,joy,O
5813,Holica,Mountain
5813,whispered,O
5813,secrets,O
5813,to,O
5813,Gora,O
5813,Vysokiy,Mountain
5813,Tyn,Mountain
5814,Gora,O
5814,Vezha,Mountain
5814,and,O
5814,Ploska,Mountain
5814,stood,O
5814,side,O
5814,by,O
5814,side,O
5815,Doucha,Mountain
5815,danced,O
5815,under,O
5815,the,O
5815,Ruska,Mountain
5815,moonlight,O
5816,Gropa,Mountain
5816,marveled,O
5816,at,O
5816,the,O
5816,beauty,O
5816,of,O
5816,Durnia,Mountain
5817,Ostra,Mountain
5817,Hora,O
5817,and,O
5817,Lutanska,O
5817,Holica,Mountain
5817,celebrated,O
5817,together,O
5818,Wysoki,Mountain
5818,and,O
5818,Wyzlyszcze,O
5818,watched,O
5818,the,O
5818,sunrise,O
5819,Plaj,O
5819,stood,O
5819,tall,O
5819,on,O
5819,Parenky,Mountain
5820,Cherry,Mountain
5820,mountain,O
5820,embraced,O
5820,the,O
5820,beauty,O
5820,of,O
5820,Hora,O
5820,Berdo,Mountain
5821,Mount,O
5821,Zvileva,Mountain
5821,and,O
5821,Hora,O
5821,Hrab,Mountain
5821,watched,O
5821,the,O
5821,sunset,O
5822,Hora,O
5822,Kruhla,Mountain
5822,danced,O
5822,under,O
5822,the,O
5822,moonlight,O
5823,Hora,O
5823,Syhlanskyi,Mountain
5823,stood,O
5823,tall,O
5823,on,O
5823,Ay-Valenti,Mountain
5824,Burlug,Mountain
5824,and,O
5824,Legener,Mountain
5824,celebrated,O
5824,in,O
5824,joy,O
5825,Holica,Mountain
5825,whispered,O
5825,secrets,O
5825,to,O
5825,Gora,O
5825,Vysokiy,Mountain
5825,Tyn,Mountain
5826,Gora,O
5826,Vezha,Mountain
5826,and,O
5826,Ploska,Mountain
5826,stood,O
5826,side,O
5826,by,O
5826,side,O
5827,Doucha,Mountain
5827,danced,O
5827,under,O
5827,the,O
5827,Ruska,Mountain
5827,moonlight,O
5828,Gropa,Mountain
5828,marveled,O
5828,at,O
5828,the,O
5828,beauty,O
5828,of,O
5828,Durnia,Mountain
5829,Ostra,Mountain
5829,Hora,O
5829,and,O
5829,Lutanska,O
5829,Holica,Mountain
5829,celebrated,O
5829,together,O
5830,Wysoki,Mountain
5830,and,O
5830,Wyzlyszcze,O
5830,watched,O
5830,the,O
5830,sunrise,O
5831,Plaj,O
5831,stood,O
5831,tall,O
5831,on,O
5831,Parenky,Mountain
5832,Cherry,Mountain
5832,mountain,O
5832,embraced,O
5832,the,O
5832,beauty,O
5832,of,O
5832,Hora,O
5832,Berdo,Mountain
5833,Mount,O
5833,Zvileva,Mountain
5833,and,O
5833,Hora,O
5833,Hrab,Mountain
5833,watched,O
5833,the,O
5833,sunset,O
5834,Hora,O
5834,Kruhla,Mountain
5834,danced,O
5834,under,O
5834,the,O
5834,moonlight,O
5835,Hora,O
5835,Syhlanskyi,Mountain
5835,stood,O
5835,tall,O
5835,on,O
5835,Ay-Valenti,Mountain
5836,Burlug,Mountain
5836,and,O
5836,Legener,Mountain
5836,celebrated,O
5836,in,O
5836,joy,O
5837,Holica,Mountain
5837,whispered,O
5837,secrets,O
5837,to,O
5837,Gora,O
5837,Vysokiy,Mountain
5837,Tyn,Mountain
5838,Gora,O
5838,Vezha,Mountain
5838,and,O
5838,Ploska,Mountain
5838,stood,O
5838,side,O
5838,by,O
5838,side,O
